TestID,Scenario,SortMode,BiasFactor,BiasCap,VoxelSize,TileSize,AvgLength,Cohesion,TimeMs
1,Lonely Tree,Alvo,0.50,0.01,0.020,16,22.15,10.3777,110
2,Lonely Tree,Alvo,0.50,0.01,0.020,32,20.66,10.7328,16
3,Lonely Tree,Alvo,0.50,0.01,0.020,64,19.77,11.2105,5
4,Lonely Tree,Alvo,0.50,0.01,0.020,128,19.68,13.0741,1
5,Lonely Tree,Alvo,0.50,0.01,0.050,16,21.32,11.9880,12
6,Lonely Tree,Alvo,0.50,0.01,0.050,32,19.65,11.6444,2
7,Lonely Tree,Alvo,0.50,0.01,0.050,64,19.39,12.0417,0
8,Lonely Tree,Alvo,0.50,0.01,0.050,128,19.46,13.5714,0
9,Lonely Tree,Alvo,0.50,0.01,0.100,16,19.67,11.3913,2
10,Lonely Tree,Alvo,0.50,0.01,0.100,32,19.38,12.0417,0
11,Lonely Tree,Alvo,0.50,0.01,0.100,64,19.45,13.5714,0
12,Lonely Tree,Alvo,0.50,0.01,0.100,128,19.33,14.7500,0
13,Lonely Tree,Alvo,0.50,0.01,0.160,16,19.65,13.0741,1
14,Lonely Tree,Alvo,0.50,0.01,0.160,32,19.89,14.2857,0
15,Lonely Tree,Alvo,0.50,0.01,0.160,64,23.50,13.4000,0
16,Lonely Tree,Alvo,0.50,0.01,0.160,128,19.50,14.6250,0
17,Lonely Tree,Alvo,0.50,0.50,0.020,16,22.15,10.3777,85
18,Lonely Tree,Alvo,0.50,0.50,0.020,32,20.66,10.7328,23
19,Lonely Tree,Alvo,0.50,0.50,0.020,64,19.77,11.2105,4
20,Lonely Tree,Alvo,0.50,0.50,0.020,128,19.68,13.0741,1
21,Lonely Tree,Alvo,0.50,0.50,0.050,16,21.30,11.7059,19
22,Lonely Tree,Alvo,0.50,0.50,0.050,32,19.60,11.1489,2
23,Lonely Tree,Alvo,0.50,0.50,0.050,64,19.39,12.0417,1
24,Lonely Tree,Alvo,0.50,0.50,0.050,128,19.42,13.5000,0
25,Lonely Tree,Alvo,0.50,0.50,0.100,16,19.67,11.3913,3
26,Lonely Tree,Alvo,0.50,0.50,0.100,32,19.38,12.0417,1
27,Lonely Tree,Alvo,0.50,0.50,0.100,64,19.41,13.5000,0
28,Lonely Tree,Alvo,0.50,0.50,0.100,128,19.33,14.7500,0
29,Lonely Tree,Alvo,0.50,0.50,0.160,16,19.65,13.0741,1
30,Lonely Tree,Alvo,0.50,0.50,0.160,32,20.02,12.3750,0
31,Lonely Tree,Alvo,0.50,0.50,0.160,64,23.50,12.0909,0
32,Lonely Tree,Alvo,0.50,0.50,0.160,128,19.50,14.6250,0
33,Lonely Tree,Alvo,0.50,0.75,0.020,16,22.14,10.2025,138
34,Lonely Tree,Alvo,0.50,0.75,0.020,32,20.59,10.1721,26
35,Lonely Tree,Alvo,0.50,0.75,0.020,64,19.79,11.1754,4
36,Lonely Tree,Alvo,0.50,0.75,0.020,128,19.58,10.6970,1
37,Lonely Tree,Alvo,0.50,0.75,0.050,16,21.25,11.0111,21
38,Lonely Tree,Alvo,0.50,0.75,0.050,32,19.47,9.5273,3
39,Lonely Tree,Alvo,0.50,0.75,0.050,64,19.36,10.2857,1
40,Lonely Tree,Alvo,0.50,0.75,0.050,128,19.07,13.2857,0
41,Lonely Tree,Alvo,0.50,0.75,0.100,16,19.64,10.9167,2
42,Lonely Tree,Alvo,0.50,0.75,0.100,32,19.35,10.2500,0
43,Lonely Tree,Alvo,0.50,0.75,0.100,64,19.07,13.2857,0
44,Lonely Tree,Alvo,0.50,0.75,0.100,128,19.33,14.7500,0
45,Lonely Tree,Alvo,0.50,0.75,0.160,16,19.66,11.3871,1
46,Lonely Tree,Alvo,0.50,0.75,0.160,32,19.90,12.1250,0
47,Lonely Tree,Alvo,0.50,0.75,0.160,64,23.50,11.9091,0
48,Lonely Tree,Alvo,0.50,0.75,0.160,128,19.50,14.6250,0
49,Lonely Tree,Alvo,0.50,1.00,0.020,16,20.79,3.2419,416
50,Lonely Tree,Alvo,0.50,1.00,0.020,32,19.57,3.8052,61
51,Lonely Tree,Alvo,0.50,1.00,0.020,64,19.09,5.1667,8
52,Lonely Tree,Alvo,0.50,1.00,0.020,128,19.09,8.2683,1
53,Lonely Tree,Alvo,0.50,1.00,0.050,16,19.71,3.4323,37
54,Lonely Tree,Alvo,0.50,1.00,0.050,32,19.08,5.7303,5
55,Lonely Tree,Alvo,0.50,1.00,0.050,64,18.97,7.9143,1
56,Lonely Tree,Alvo,0.50,1.00,0.050,128,19.02,13.1429,0
57,Lonely Tree,Alvo,0.50,1.00,0.100,16,19.07,5.4362,8
58,Lonely Tree,Alvo,0.50,1.00,0.100,32,18.89,7.2973,1
59,Lonely Tree,Alvo,0.50,1.00,0.100,64,19.02,13.1429,0
60,Lonely Tree,Alvo,0.50,1.00,0.100,128,19.33,14.7500,0
61,Lonely Tree,Alvo,0.50,1.00,0.160,16,19.07,7.8837,1
62,Lonely Tree,Alvo,0.50,1.00,0.160,32,19.74,12.0000,0
63,Lonely Tree,Alvo,0.50,1.00,0.160,64,23.50,11.9091,0
64,Lonely Tree,Alvo,0.50,1.00,0.160,128,19.50,14.6250,0
65,Lonely Tree,Alvo,0.75,0.01,0.020,16,22.15,10.3777,82
66,Lonely Tree,Alvo,0.75,0.01,0.020,32,20.66,10.7328,15
67,Lonely Tree,Alvo,0.75,0.01,0.020,64,19.77,11.2105,4
68,Lonely Tree,Alvo,0.75,0.01,0.020,128,19.68,13.0741,1
69,Lonely Tree,Alvo,0.75,0.01,0.050,16,21.32,11.9880,19
70,Lonely Tree,Alvo,0.75,0.01,0.050,32,19.65,11.6444,2
71,Lonely Tree,Alvo,0.75,0.01,0.050,64,19.39,12.0417,0
72,Lonely Tree,Alvo,0.75,0.01,0.050,128,19.46,13.5714,0
73,Lonely Tree,Alvo,0.75,0.01,0.100,16,19.67,11.3913,2
74,Lonely Tree,Alvo,0.75,0.01,0.100,32,19.38,12.0417,1
75,Lonely Tree,Alvo,0.75,0.01,0.100,64,19.45,13.5714,0
76,Lonely Tree,Alvo,0.75,0.01,0.100,128,19.33,14.7500,0
77,Lonely Tree,Alvo,0.75,0.01,0.160,16,19.65,13.0741,1
78,Lonely Tree,Alvo,0.75,0.01,0.160,32,19.89,14.2857,0
79,Lonely Tree,Alvo,0.75,0.01,0.160,64,23.50,13.4000,0
80,Lonely Tree,Alvo,0.75,0.01,0.160,128,19.50,14.6250,0
81,Lonely Tree,Alvo,0.75,0.50,0.020,16,22.15,10.3777,78
82,Lonely Tree,Alvo,0.75,0.50,0.020,32,20.66,10.7328,17
83,Lonely Tree,Alvo,0.75,0.50,0.020,64,19.77,11.2105,8
84,Lonely Tree,Alvo,0.75,0.50,0.020,128,19.68,13.0741,2
85,Lonely Tree,Alvo,0.75,0.50,0.050,16,21.30,11.7059,23
86,Lonely Tree,Alvo,0.75,0.50,0.050,32,19.60,11.1489,2
87,Lonely Tree,Alvo,0.75,0.50,0.050,64,19.39,12.0417,1
88,Lonely Tree,Alvo,0.75,0.50,0.050,128,19.42,13.5000,0
89,Lonely Tree,Alvo,0.75,0.50,0.100,16,19.67,11.3913,2
90,Lonely Tree,Alvo,0.75,0.50,0.100,32,19.38,12.0417,0
91,Lonely Tree,Alvo,0.75,0.50,0.100,64,19.41,13.5000,0
92,Lonely Tree,Alvo,0.75,0.50,0.100,128,19.33,14.7500,0
93,Lonely Tree,Alvo,0.75,0.50,0.160,16,19.65,13.0741,4
94,Lonely Tree,Alvo,0.75,0.50,0.160,32,20.02,12.3750,0
95,Lonely Tree,Alvo,0.75,0.50,0.160,64,23.50,12.0909,0
96,Lonely Tree,Alvo,0.75,0.50,0.160,128,19.50,14.6250,0
97,Lonely Tree,Alvo,0.75,0.75,0.020,16,22.14,10.2025,94
98,Lonely Tree,Alvo,0.75,0.75,0.020,32,20.59,10.1721,19
99,Lonely Tree,Alvo,0.75,0.75,0.020,64,19.79,11.1754,4
100,Lonely Tree,Alvo,0.75,0.75,0.020,128,19.58,10.6970,1
101,Lonely Tree,Alvo,0.75,0.75,0.050,16,21.25,11.0111,16
102,Lonely Tree,Alvo,0.75,0.75,0.050,32,19.47,9.5273,3
103,Lonely Tree,Alvo,0.75,0.75,0.050,64,19.36,10.2857,1
104,Lonely Tree,Alvo,0.75,0.75,0.050,128,19.07,13.2857,0
105,Lonely Tree,Alvo,0.75,0.75,0.100,16,19.64,10.9167,2
106,Lonely Tree,Alvo,0.75,0.75,0.100,32,19.35,10.2500,0
107,Lonely Tree,Alvo,0.75,0.75,0.100,64,19.07,13.2857,0
108,Lonely Tree,Alvo,0.75,0.75,0.100,128,19.33,14.7500,0
109,Lonely Tree,Alvo,0.75,0.75,0.160,16,19.66,11.3871,4
110,Lonely Tree,Alvo,0.75,0.75,0.160,32,19.90,12.1250,0
111,Lonely Tree,Alvo,0.75,0.75,0.160,64,23.50,11.9091,0
112,Lonely Tree,Alvo,0.75,0.75,0.160,128,19.50,14.6250,0
113,Lonely Tree,Alvo,0.75,1.00,0.020,16,20.79,3.2419,398
114,Lonely Tree,Alvo,0.75,1.00,0.020,32,19.57,3.8052,55
115,Lonely Tree,Alvo,0.75,1.00,0.020,64,19.09,5.1667,9
116,Lonely Tree,Alvo,0.75,1.00,0.020,128,19.09,8.2683,4
117,Lonely Tree,Alvo,0.75,1.00,0.050,16,19.71,3.4323,34
118,Lonely Tree,Alvo,0.75,1.00,0.050,32,19.08,5.7303,5
119,Lonely Tree,Alvo,0.75,1.00,0.050,64,18.97,7.9143,1
120,Lonely Tree,Alvo,0.75,1.00,0.050,128,19.02,13.1429,0
121,Lonely Tree,Alvo,0.75,1.00,0.100,16,19.07,5.4362,5
122,Lonely Tree,Alvo,0.75,1.00,0.100,32,18.89,7.2973,1
123,Lonely Tree,Alvo,0.75,1.00,0.100,64,19.02,13.1429,0
124,Lonely Tree,Alvo,0.75,1.00,0.100,128,19.33,14.7500,0
125,Lonely Tree,Alvo,0.75,1.00,0.160,16,19.07,7.8837,1
126,Lonely Tree,Alvo,0.75,1.00,0.160,32,19.74,12.0000,0
127,Lonely Tree,Alvo,0.75,1.00,0.160,64,23.50,11.9091,0
128,Lonely Tree,Alvo,0.75,1.00,0.160,128,19.50,14.6250,0
129,Lonely Tree,Alvo,0.90,0.01,0.020,16,22.15,10.3777,94
130,Lonely Tree,Alvo,0.90,0.01,0.020,32,20.35,8.8000,22
131,Lonely Tree,Alvo,0.90,0.01,0.020,64,19.75,8.5067,4
132,Lonely Tree,Alvo,0.90,0.01,0.020,128,19.68,13.0741,1
133,Lonely Tree,Alvo,0.90,0.01,0.050,16,21.32,11.9880,12
134,Lonely Tree,Alvo,0.90,0.01,0.050,32,19.58,9.5273,2
135,Lonely Tree,Alvo,0.90,0.01,0.050,64,19.39,12.0417,1
136,Lonely Tree,Alvo,0.90,0.01,0.050,128,19.46,13.5714,0
137,Lonely Tree,Alvo,0.90,0.01,0.100,16,19.66,9.3571,5
138,Lonely Tree,Alvo,0.90,0.01,0.100,32,19.38,12.0417,0
139,Lonely Tree,Alvo,0.90,0.01,0.100,64,19.45,13.5714,0
140,Lonely Tree,Alvo,0.90,0.01,0.100,128,19.33,14.7500,0
141,Lonely Tree,Alvo,0.90,0.01,0.160,16,19.65,13.0741,1
142,Lonely Tree,Alvo,0.90,0.01,0.160,32,19.89,14.2857,0
143,Lonely Tree,Alvo,0.90,0.01,0.160,64,23.50,13.4000,0
144,Lonely Tree,Alvo,0.90,0.01,0.160,128,19.50,14.6250,0
145,Lonely Tree,Alvo,0.90,0.50,0.020,16,22.15,10.3777,90
146,Lonely Tree,Alvo,0.90,0.50,0.020,32,20.35,8.8000,17
147,Lonely Tree,Alvo,0.90,0.50,0.020,64,19.75,8.5067,5
148,Lonely Tree,Alvo,0.90,0.50,0.020,128,19.68,13.0741,1
149,Lonely Tree,Alvo,0.90,0.50,0.050,16,21.32,11.7059,12
150,Lonely Tree,Alvo,0.90,0.50,0.050,32,19.58,9.5273,2
151,Lonely Tree,Alvo,0.90,0.50,0.050,64,19.39,12.0417,1
152,Lonely Tree,Alvo,0.90,0.50,0.050,128,19.46,13.5714,0
153,Lonely Tree,Alvo,0.90,0.50,0.100,16,19.66,9.3571,3
154,Lonely Tree,Alvo,0.90,0.50,0.100,32,19.38,12.0417,0
155,Lonely Tree,Alvo,0.90,0.50,0.100,64,19.45,13.5714,0
156,Lonely Tree,Alvo,0.90,0.50,0.100,128,19.33,14.7500,0
157,Lonely Tree,Alvo,0.90,0.50,0.160,16,19.65,13.0741,1
158,Lonely Tree,Alvo,0.90,0.50,0.160,32,19.89,14.2857,0
159,Lonely Tree,Alvo,0.90,0.50,0.160,64,23.50,13.4000,0
160,Lonely Tree,Alvo,0.90,0.50,0.160,128,19.50,14.6250,0
161,Lonely Tree,Alvo,0.90,0.75,0.020,16,22.15,10.2894,115
162,Lonely Tree,Alvo,0.90,0.75,0.020,32,20.33,8.5556,18
163,Lonely Tree,Alvo,0.90,0.75,0.020,64,19.79,8.5067,4
164,Lonely Tree,Alvo,0.90,0.75,0.020,128,19.59,10.6970,1
165,Lonely Tree,Alvo,0.90,0.75,0.050,16,21.25,11.2614,16
166,Lonely Tree,Alvo,0.90,0.75,0.050,32,19.46,9.1930,7
167,Lonely Tree,Alvo,0.90,0.75,0.050,64,19.36,10.2857,1
168,Lonely Tree,Alvo,0.90,0.75,0.050,128,19.07,13.2857,0
169,Lonely Tree,Alvo,0.90,0.75,0.100,16,19.62,9.3571,3
170,Lonely Tree,Alvo,0.90,0.75,0.100,32,19.35,10.2500,1
171,Lonely Tree,Alvo,0.90,0.75,0.100,64,19.07,13.2857,0
172,Lonely Tree,Alvo,0.90,0.75,0.100,128,19.33,14.7500,0
173,Lonely Tree,Alvo,0.90,0.75,0.160,16,19.66,11.3871,1
174,Lonely Tree,Alvo,0.90,0.75,0.160,32,19.91,12.1875,0
175,Lonely Tree,Alvo,0.90,0.75,0.160,64,23.50,11.9091,0
176,Lonely Tree,Alvo,0.90,0.75,0.160,128,19.50,14.6250,0
177,Lonely Tree,Alvo,0.90,1.00,0.020,16,20.79,3.2419,402
178,Lonely Tree,Alvo,0.90,1.00,0.020,32,19.57,3.8052,53
179,Lonely Tree,Alvo,0.90,1.00,0.020,64,19.09,5.1667,11
180,Lonely Tree,Alvo,0.90,1.00,0.020,128,19.09,8.2683,1
181,Lonely Tree,Alvo,0.90,1.00,0.050,16,19.71,3.4323,37
182,Lonely Tree,Alvo,0.90,1.00,0.050,32,19.08,5.7303,5
183,Lonely Tree,Alvo,0.90,1.00,0.050,64,18.97,7.9143,1
184,Lonely Tree,Alvo,0.90,1.00,0.050,128,19.02,13.1429,0
185,Lonely Tree,Alvo,0.90,1.00,0.100,16,19.07,5.4362,8
186,Lonely Tree,Alvo,0.90,1.00,0.100,32,18.89,7.2973,1
187,Lonely Tree,Alvo,0.90,1.00,0.100,64,19.02,13.1429,0
188,Lonely Tree,Alvo,0.90,1.00,0.100,128,19.33,14.7500,0
189,Lonely Tree,Alvo,0.90,1.00,0.160,16,19.07,7.8837,1
190,Lonely Tree,Alvo,0.90,1.00,0.160,32,19.74,12.0000,0
191,Lonely Tree,Alvo,0.90,1.00,0.160,64,23.50,11.9091,0
192,Lonely Tree,Alvo,0.90,1.00,0.160,128,19.50,14.6250,0
193,Lonely Tree,Alvo,0.95,0.01,0.020,16,20.94,6.4650,131
194,Lonely Tree,Alvo,0.95,0.01,0.020,32,19.75,6.6796,25
195,Lonely Tree,Alvo,0.95,0.01,0.020,64,19.58,7.5595,4
196,Lonely Tree,Alvo,0.95,0.01,0.020,128,19.59,10.6667,2
197,Lonely Tree,Alvo,0.95,0.01,0.050,16,20.80,6.8322,17
198,Lonely Tree,Alvo,0.95,0.01,0.050,32,19.65,8.2813,3
199,Lonely Tree,Alvo,0.95,0.01,0.050,64,19.31,10.2857,1
200,Lonely Tree,Alvo,0.95,0.01,0.050,128,19.46,13.5714,0
201,Lonely Tree,Alvo,0.95,0.01,0.100,16,19.46,8.0308,2
202,Lonely Tree,Alvo,0.95,0.01,0.100,32,19.30,10.2500,4
203,Lonely Tree,Alvo,0.95,0.01,0.100,64,19.45,13.5714,0
204,Lonely Tree,Alvo,0.95,0.01,0.100,128,19.33,14.7500,0
205,Lonely Tree,Alvo,0.95,0.01,0.160,16,19.57,10.6667,1
206,Lonely Tree,Alvo,0.95,0.01,0.160,32,19.68,12.2500,0
207,Lonely Tree,Alvo,0.95,0.01,0.160,64,23.50,13.4000,0
208,Lonely Tree,Alvo,0.95,0.01,0.160,128,19.50,14.6250,0
209,Lonely Tree,Alvo,0.95,0.50,0.020,16,20.94,6.4650,136
210,Lonely Tree,Alvo,0.95,0.50,0.020,32,19.75,6.6796,25
211,Lonely Tree,Alvo,0.95,0.50,0.020,64,19.58,7.5595,4
212,Lonely Tree,Alvo,0.95,0.50,0.020,128,19.59,10.6667,1
213,Lonely Tree,Alvo,0.95,0.50,0.050,16,20.80,6.8322,20
214,Lonely Tree,Alvo,0.95,0.50,0.050,32,19.65,8.2813,3
215,Lonely Tree,Alvo,0.95,0.50,0.050,64,19.31,10.2857,1
216,Lonely Tree,Alvo,0.95,0.50,0.050,128,19.46,13.5714,0
217,Lonely Tree,Alvo,0.95,0.50,0.100,16,19.46,8.0308,2
218,Lonely Tree,Alvo,0.95,0.50,0.100,32,19.30,10.2500,4
219,Lonely Tree,Alvo,0.95,0.50,0.100,64,19.45,13.5714,0
220,Lonely Tree,Alvo,0.95,0.50,0.100,128,19.33,14.7500,0
221,Lonely Tree,Alvo,0.95,0.50,0.160,16,19.57,10.6667,1
222,Lonely Tree,Alvo,0.95,0.50,0.160,32,19.68,12.2500,0
223,Lonely Tree,Alvo,0.95,0.50,0.160,64,23.50,13.4000,0
224,Lonely Tree,Alvo,0.95,0.50,0.160,128,19.50,14.6250,0
225,Lonely Tree,Alvo,0.95,0.75,0.020,16,20.94,6.4650,132
226,Lonely Tree,Alvo,0.95,0.75,0.020,32,19.75,6.6796,20
227,Lonely Tree,Alvo,0.95,0.75,0.020,64,19.58,7.5595,7
228,Lonely Tree,Alvo,0.95,0.75,0.020,128,19.59,10.6667,1
229,Lonely Tree,Alvo,0.95,0.75,0.050,16,20.83,6.7379,19
230,Lonely Tree,Alvo,0.95,0.75,0.050,32,19.68,8.2813,3
231,Lonely Tree,Alvo,0.95,0.75,0.050,64,19.31,10.2857,1
232,Lonely Tree,Alvo,0.95,0.75,0.050,128,19.42,13.5000,0
233,Lonely Tree,Alvo,0.95,0.75,0.100,16,19.46,8.0308,6
234,Lonely Tree,Alvo,0.95,0.75,0.100,32,19.30,10.2500,1
235,Lonely Tree,Alvo,0.95,0.75,0.100,64,19.41,13.5000,0
236,Lonely Tree,Alvo,0.95,0.75,0.100,128,19.33,14.7500,0
237,Lonely Tree,Alvo,0.95,0.75,0.160,16,19.57,10.6667,1
238,Lonely Tree,Alvo,0.95,0.75,0.160,32,19.82,12.1875,0
239,Lonely Tree,Alvo,0.95,0.75,0.160,64,23.50,12.0909,0
240,Lonely Tree,Alvo,0.95,0.75,0.160,128,19.50,14.6250,0
241,Lonely Tree,Alvo,0.95,1.00,0.020,16,20.79,3.2419,410
242,Lonely Tree,Alvo,0.95,1.00,0.020,32,19.57,3.8052,57
243,Lonely Tree,Alvo,0.95,1.00,0.020,64,19.09,5.1667,9
244,Lonely Tree,Alvo,0.95,1.00,0.020,128,19.09,8.2683,1
245,Lonely Tree,Alvo,0.95,1.00,0.050,16,19.71,3.4323,36
246,Lonely Tree,Alvo,0.95,1.00,0.050,32,19.08,5.7303,5
247,Lonely Tree,Alvo,0.95,1.00,0.050,64,18.97,7.9143,1
248,Lonely Tree,Alvo,0.95,1.00,0.050,128,19.02,13.1429,0
249,Lonely Tree,Alvo,0.95,1.00,0.100,16,19.07,5.4362,5
250,Lonely Tree,Alvo,0.95,1.00,0.100,32,18.89,7.2973,1
251,Lonely Tree,Alvo,0.95,1.00,0.100,64,19.02,13.1429,0
252,Lonely Tree,Alvo,0.95,1.00,0.100,128,19.33,14.7500,0
253,Lonely Tree,Alvo,0.95,1.00,0.160,16,19.07,7.8837,1
254,Lonely Tree,Alvo,0.95,1.00,0.160,32,19.74,12.0000,0
255,Lonely Tree,Alvo,0.95,1.00,0.160,64,23.50,11.9091,0
256,Lonely Tree,Alvo,0.95,1.00,0.160,128,19.50,14.6250,0
257,Chinese Wall,Alvo,0.50,0.01,0.020,16,26.72,12.0873,85
258,Chinese Wall,Alvo,0.50,0.01,0.020,32,26.82,13.2250,16
259,Chinese Wall,Alvo,0.50,0.01,0.020,64,26.08,14.5158,5
260,Chinese Wall,Alvo,0.50,0.01,0.020,128,25.91,14.8209,2
261,Chinese Wall,Alvo,0.50,0.01,0.050,16,26.40,12.7349,12
262,Chinese Wall,Alvo,0.50,0.01,0.050,32,25.88,14.1750,3
263,Chinese Wall,Alvo,0.50,0.01,0.050,64,26.06,14.5574,2
264,Chinese Wall,Alvo,0.50,0.01,0.050,128,26.13,16.0417,4
265,Chinese Wall,Alvo,0.50,0.01,0.100,16,25.86,14.4557,3
266,Chinese Wall,Alvo,0.50,0.01,0.100,32,26.05,14.7049,1
267,Chinese Wall,Alvo,0.50,0.01,0.100,64,26.12,16.0417,1
268,Chinese Wall,Alvo,0.50,0.01,0.100,128,27.39,17.1463,1
269,Chinese Wall,Alvo,0.50,0.01,0.160,16,25.88,14.8209,2
270,Chinese Wall,Alvo,0.50,0.01,0.160,32,25.92,16.4808,1
271,Chinese Wall,Alvo,0.50,0.01,0.160,64,25.81,17.2046,1
272,Chinese Wall,Alvo,0.50,0.01,0.160,128,26.48,16.7949,1
273,Chinese Wall,Alvo,0.50,0.50,0.020,16,26.72,11.9238,63
274,Chinese Wall,Alvo,0.50,0.50,0.020,32,26.78,12.9693,17
275,Chinese Wall,Alvo,0.50,0.50,0.020,64,26.08,14.5158,12
276,Chinese Wall,Alvo,0.50,0.50,0.020,128,25.91,14.8209,2
277,Chinese Wall,Alvo,0.50,0.50,0.050,16,26.41,12.7349,16
278,Chinese Wall,Alvo,0.50,0.50,0.050,32,25.88,14.1750,3
279,Chinese Wall,Alvo,0.50,0.50,0.050,64,26.06,14.5574,1
280,Chinese Wall,Alvo,0.50,0.50,0.050,128,26.13,16.0417,1
281,Chinese Wall,Alvo,0.50,0.50,0.100,16,25.86,14.0988,3
282,Chinese Wall,Alvo,0.50,0.50,0.100,32,26.05,14.7049,1
283,Chinese Wall,Alvo,0.50,0.50,0.100,64,26.12,16.0417,1
284,Chinese Wall,Alvo,0.50,0.50,0.100,128,27.39,17.1463,1
285,Chinese Wall,Alvo,0.50,0.50,0.160,16,25.88,14.8209,2
286,Chinese Wall,Alvo,0.50,0.50,0.160,32,25.88,16.4423,1
287,Chinese Wall,Alvo,0.50,0.50,0.160,64,25.81,17.2046,1
288,Chinese Wall,Alvo,0.50,0.50,0.160,128,26.48,16.7949,0
289,Chinese Wall,Alvo,0.50,0.75,0.020,16,26.68,11.6786,88
290,Chinese Wall,Alvo,0.50,0.75,0.020,32,26.61,12.6108,25
291,Chinese Wall,Alvo,0.50,0.75,0.020,64,26.01,13.7400,5
292,Chinese Wall,Alvo,0.50,0.75,0.020,128,25.95,14.7761,2
293,Chinese Wall,Alvo,0.50,0.75,0.050,16,26.42,11.8582,10
294,Chinese Wall,Alvo,0.50,0.75,0.050,32,25.87,14.1625,3
295,Chinese Wall,Alvo,0.50,0.75,0.050,64,26.01,14.5574,1
296,Chinese Wall,Alvo,0.50,0.75,0.050,128,25.86,15.6531,1
297,Chinese Wall,Alvo,0.50,0.75,0.100,16,25.85,14.0864,9
298,Chinese Wall,Alvo,0.50,0.75,0.100,32,26.00,14.6885,1
299,Chinese Wall,Alvo,0.50,0.75,0.100,64,25.85,15.6531,1
300,Chinese Wall,Alvo,0.50,0.75,0.100,128,27.15,16.2558,1
301,Chinese Wall,Alvo,0.50,0.75,0.160,16,25.91,14.7761,2
302,Chinese Wall,Alvo,0.50,0.75,0.160,32,25.68,16.3269,1
303,Chinese Wall,Alvo,0.50,0.75,0.160,64,25.62,16.2826,1
304,Chinese Wall,Alvo,0.50,0.75,0.160,128,26.48,16.7949,0
305,Chinese Wall,Alvo,0.50,1.00,0.020,16,26.25,6.4428,385
306,Chinese Wall,Alvo,0.50,1.00,0.020,32,25.88,6.6149,59
307,Chinese Wall,Alvo,0.50,1.00,0.020,64,26.03,12.5413,9
308,Chinese Wall,Alvo,0.50,1.00,0.020,128,25.80,14.5294,3
309,Chinese Wall,Alvo,0.50,1.00,0.050,16,26.35,10.6774,25
310,Chinese Wall,Alvo,0.50,1.00,0.050,32,25.80,13.6145,5
311,Chinese Wall,Alvo,0.50,1.00,0.050,64,25.69,8.4808,2
312,Chinese Wall,Alvo,0.50,1.00,0.050,128,25.86,15.6531,1
313,Chinese Wall,Alvo,0.50,1.00,0.100,16,25.82,13.5476,8
314,Chinese Wall,Alvo,0.50,1.00,0.100,32,25.68,8.4762,2
315,Chinese Wall,Alvo,0.50,1.00,0.100,64,25.85,15.6531,1
316,Chinese Wall,Alvo,0.50,1.00,0.100,128,27.15,16.2093,1
317,Chinese Wall,Alvo,0.50,1.00,0.160,16,25.77,14.5294,2
318,Chinese Wall,Alvo,0.50,1.00,0.160,32,25.62,16.2500,1
319,Chinese Wall,Alvo,0.50,1.00,0.160,64,26.00,13.6731,1
320,Chinese Wall,Alvo,0.50,1.00,0.160,128,26.48,16.7949,0
321,Chinese Wall,Alvo,0.75,0.01,0.020,16,26.72,12.0873,70
322,Chinese Wall,Alvo,0.75,0.01,0.020,32,26.82,13.2250,16
323,Chinese Wall,Alvo,0.75,0.01,0.020,64,26.08,14.5158,5
324,Chinese Wall,Alvo,0.75,0.01,0.020,128,25.91,14.8209,7
325,Chinese Wall,Alvo,0.75,0.01,0.050,16,26.40,12.7349,10
326,Chinese Wall,Alvo,0.75,0.01,0.050,32,25.88,14.1750,3
327,Chinese Wall,Alvo,0.75,0.01,0.050,64,26.06,14.5574,1
328,Chinese Wall,Alvo,0.75,0.01,0.050,128,26.13,16.0417,1
329,Chinese Wall,Alvo,0.75,0.01,0.100,16,25.86,14.4557,3
330,Chinese Wall,Alvo,0.75,0.01,0.100,32,26.05,14.7049,1
331,Chinese Wall,Alvo,0.75,0.01,0.100,64,26.12,16.0417,1
332,Chinese Wall,Alvo,0.75,0.01,0.100,128,27.39,17.1463,1
333,Chinese Wall,Alvo,0.75,0.01,0.160,16,25.88,14.8209,2
334,Chinese Wall,Alvo,0.75,0.01,0.160,32,25.92,16.4808,1
335,Chinese Wall,Alvo,0.75,0.01,0.160,64,25.81,17.2046,1
336,Chinese Wall,Alvo,0.75,0.01,0.160,128,26.48,16.7949,1
337,Chinese Wall,Alvo,0.75,0.50,0.020,16,26.72,11.9238,80
338,Chinese Wall,Alvo,0.75,0.50,0.020,32,26.78,12.9693,16
339,Chinese Wall,Alvo,0.75,0.50,0.020,64,26.08,14.5158,5
340,Chinese Wall,Alvo,0.75,0.50,0.020,128,25.91,14.8209,2
341,Chinese Wall,Alvo,0.75,0.50,0.050,16,26.41,12.7349,10
342,Chinese Wall,Alvo,0.75,0.50,0.050,32,25.88,14.1750,3
343,Chinese Wall,Alvo,0.75,0.50,0.050,64,26.06,14.5574,1
344,Chinese Wall,Alvo,0.75,0.50,0.050,128,26.13,16.0417,1
345,Chinese Wall,Alvo,0.75,0.50,0.100,16,25.86,14.0988,3
346,Chinese Wall,Alvo,0.75,0.50,0.100,32,26.05,14.7049,1
347,Chinese Wall,Alvo,0.75,0.50,0.100,64,26.12,16.0417,1
348,Chinese Wall,Alvo,0.75,0.50,0.100,128,27.39,17.1463,1
349,Chinese Wall,Alvo,0.75,0.50,0.160,16,25.88,14.8209,2
350,Chinese Wall,Alvo,0.75,0.50,0.160,32,25.88,16.4423,1
351,Chinese Wall,Alvo,0.75,0.50,0.160,64,25.81,17.2046,1
352,Chinese Wall,Alvo,0.75,0.50,0.160,128,26.48,16.7949,0
353,Chinese Wall,Alvo,0.75,0.75,0.020,16,26.68,11.6786,66
354,Chinese Wall,Alvo,0.75,0.75,0.020,32,26.61,12.6108,17
355,Chinese Wall,Alvo,0.75,0.75,0.020,64,26.01,13.7400,5
356,Chinese Wall,Alvo,0.75,0.75,0.020,128,25.95,14.7761,2
357,Chinese Wall,Alvo,0.75,0.75,0.050,16,26.42,11.8582,10
358,Chinese Wall,Alvo,0.75,0.75,0.050,32,25.87,14.1625,3
359,Chinese Wall,Alvo,0.75,0.75,0.050,64,26.01,14.5574,1
360,Chinese Wall,Alvo,0.75,0.75,0.050,128,25.86,15.6531,1
361,Chinese Wall,Alvo,0.75,0.75,0.100,16,25.85,14.0864,6
362,Chinese Wall,Alvo,0.75,0.75,0.100,32,26.00,14.6885,1
363,Chinese Wall,Alvo,0.75,0.75,0.100,64,25.85,15.6531,1
364,Chinese Wall,Alvo,0.75,0.75,0.100,128,27.15,16.2558,1
365,Chinese Wall,Alvo,0.75,0.75,0.160,16,25.91,14.7761,2
366,Chinese Wall,Alvo,0.75,0.75,0.160,32,25.68,16.3269,1
367,Chinese Wall,Alvo,0.75,0.75,0.160,64,25.62,16.2826,1
368,Chinese Wall,Alvo,0.75,0.75,0.160,128,26.48,16.7949,1
369,Chinese Wall,Alvo,0.75,1.00,0.020,16,26.25,6.4428,398
370,Chinese Wall,Alvo,0.75,1.00,0.020,32,25.88,6.6149,45
371,Chinese Wall,Alvo,0.75,1.00,0.020,64,26.03,12.5413,17
372,Chinese Wall,Alvo,0.75,1.00,0.020,128,25.80,14.5294,3
373,Chinese Wall,Alvo,0.75,1.00,0.050,16,26.35,10.6774,33
374,Chinese Wall,Alvo,0.75,1.00,0.050,32,25.80,13.6145,5
375,Chinese Wall,Alvo,0.75,1.00,0.050,64,25.69,8.4808,2
376,Chinese Wall,Alvo,0.75,1.00,0.050,128,25.86,15.6531,1
377,Chinese Wall,Alvo,0.75,1.00,0.100,16,25.82,13.5476,5
378,Chinese Wall,Alvo,0.75,1.00,0.100,32,25.68,8.4762,7
379,Chinese Wall,Alvo,0.75,1.00,0.100,64,25.85,15.6531,1
380,Chinese Wall,Alvo,0.75,1.00,0.100,128,27.15,16.2093,1
381,Chinese Wall,Alvo,0.75,1.00,0.160,16,25.77,14.5294,2
382,Chinese Wall,Alvo,0.75,1.00,0.160,32,25.62,16.2500,1
383,Chinese Wall,Alvo,0.75,1.00,0.160,64,26.00,13.6731,1
384,Chinese Wall,Alvo,0.75,1.00,0.160,128,26.48,16.7949,0
385,Chinese Wall,Alvo,0.90,0.01,0.020,16,26.72,12.0873,69
386,Chinese Wall,Alvo,0.90,0.01,0.020,32,26.82,13.2250,18
387,Chinese Wall,Alvo,0.90,0.01,0.020,64,26.08,14.5158,4
388,Chinese Wall,Alvo,0.90,0.01,0.020,128,25.91,14.8209,2
389,Chinese Wall,Alvo,0.90,0.01,0.050,16,26.40,12.7349,10
390,Chinese Wall,Alvo,0.90,0.01,0.050,32,25.88,14.1750,3
391,Chinese Wall,Alvo,0.90,0.01,0.050,64,26.06,14.5574,1
392,Chinese Wall,Alvo,0.90,0.01,0.050,128,26.13,16.0417,1
393,Chinese Wall,Alvo,0.90,0.01,0.100,16,25.88,14.0988,3
394,Chinese Wall,Alvo,0.90,0.01,0.100,32,26.05,14.7049,4
395,Chinese Wall,Alvo,0.90,0.01,0.100,64,26.12,16.0417,1
396,Chinese Wall,Alvo,0.90,0.01,0.100,128,27.39,17.1463,1
397,Chinese Wall,Alvo,0.90,0.01,0.160,16,25.88,14.8209,2
398,Chinese Wall,Alvo,0.90,0.01,0.160,32,25.92,16.4808,1
399,Chinese Wall,Alvo,0.90,0.01,0.160,64,25.81,17.2046,1
400,Chinese Wall,Alvo,0.90,0.01,0.160,128,26.48,16.7949,0
401,Chinese Wall,Alvo,0.90,0.50,0.020,16,26.72,12.0873,63
402,Chinese Wall,Alvo,0.90,0.50,0.020,32,26.82,13.2250,16
403,Chinese Wall,Alvo,0.90,0.50,0.020,64,26.08,14.5158,5
404,Chinese Wall,Alvo,0.90,0.50,0.020,128,25.91,14.8209,2
405,Chinese Wall,Alvo,0.90,0.50,0.050,16,26.40,12.7349,10
406,Chinese Wall,Alvo,0.90,0.50,0.050,32,25.88,14.1750,3
407,Chinese Wall,Alvo,0.90,0.50,0.050,64,26.06,14.5574,1
408,Chinese Wall,Alvo,0.90,0.50,0.050,128,26.13,16.0417,1
409,Chinese Wall,Alvo,0.90,0.50,0.100,16,25.88,14.0988,3
410,Chinese Wall,Alvo,0.90,0.50,0.100,32,26.05,14.7049,1
411,Chinese Wall,Alvo,0.90,0.50,0.100,64,26.12,16.0417,1
412,Chinese Wall,Alvo,0.90,0.50,0.100,128,27.39,17.1463,1
413,Chinese Wall,Alvo,0.90,0.50,0.160,16,25.88,14.8209,2
414,Chinese Wall,Alvo,0.90,0.50,0.160,32,25.92,16.4808,1
415,Chinese Wall,Alvo,0.90,0.50,0.160,64,25.81,17.2046,1
416,Chinese Wall,Alvo,0.90,0.50,0.160,128,26.48,16.7949,3
417,Chinese Wall,Alvo,0.90,0.75,0.020,16,26.69,11.7582,87
418,Chinese Wall,Alvo,0.90,0.75,0.020,32,26.68,12.7758,23
419,Chinese Wall,Alvo,0.90,0.75,0.020,64,26.06,13.9192,5
420,Chinese Wall,Alvo,0.90,0.75,0.020,128,25.95,14.7761,2
421,Chinese Wall,Alvo,0.90,0.75,0.050,16,26.46,12.1377,10
422,Chinese Wall,Alvo,0.90,0.75,0.050,32,25.87,14.1625,3
423,Chinese Wall,Alvo,0.90,0.75,0.050,64,26.01,14.5574,1
424,Chinese Wall,Alvo,0.90,0.75,0.050,128,25.86,15.6531,1
425,Chinese Wall,Alvo,0.90,0.75,0.100,16,25.87,14.0864,9
426,Chinese Wall,Alvo,0.90,0.75,0.100,32,26.00,14.6885,1
427,Chinese Wall,Alvo,0.90,0.75,0.100,64,25.85,15.6531,1
428,Chinese Wall,Alvo,0.90,0.75,0.100,128,27.25,16.3023,1
429,Chinese Wall,Alvo,0.90,0.75,0.160,16,25.91,14.7761,2
430,Chinese Wall,Alvo,0.90,0.75,0.160,32,25.68,16.3269,1
431,Chinese Wall,Alvo,0.90,0.75,0.160,64,25.62,16.2826,1
432,Chinese Wall,Alvo,0.90,0.75,0.160,128,26.48,16.7949,0
433,Chinese Wall,Alvo,0.90,1.00,0.020,16,26.25,6.4428,384
434,Chinese Wall,Alvo,0.90,1.00,0.020,32,25.88,6.6149,53
435,Chinese Wall,Alvo,0.90,1.00,0.020,64,26.03,12.5413,9
436,Chinese Wall,Alvo,0.90,1.00,0.020,128,25.80,14.5294,3
437,Chinese Wall,Alvo,0.90,1.00,0.050,16,26.35,10.6774,31
438,Chinese Wall,Alvo,0.90,1.00,0.050,32,25.80,13.6145,5
439,Chinese Wall,Alvo,0.90,1.00,0.050,64,25.69,8.4808,1
440,Chinese Wall,Alvo,0.90,1.00,0.050,128,25.86,15.6531,1
441,Chinese Wall,Alvo,0.90,1.00,0.100,16,25.82,13.5476,5
442,Chinese Wall,Alvo,0.90,1.00,0.100,32,25.68,8.4762,5
443,Chinese Wall,Alvo,0.90,1.00,0.100,64,25.85,15.6531,2
444,Chinese Wall,Alvo,0.90,1.00,0.100,128,27.15,16.2093,1
445,Chinese Wall,Alvo,0.90,1.00,0.160,16,25.77,14.5294,2
446,Chinese Wall,Alvo,0.90,1.00,0.160,32,25.62,16.2500,1
447,Chinese Wall,Alvo,0.90,1.00,0.160,64,26.00,13.6731,1
448,Chinese Wall,Alvo,0.90,1.00,0.160,128,26.48,16.7949,0
449,Chinese Wall,Alvo,0.95,0.01,0.020,16,26.72,12.0873,80
450,Chinese Wall,Alvo,0.95,0.01,0.020,32,26.56,12.8049,26
451,Chinese Wall,Alvo,0.95,0.01,0.020,64,26.00,12.8037,5
452,Chinese Wall,Alvo,0.95,0.01,0.020,128,25.91,14.8209,2
453,Chinese Wall,Alvo,0.95,0.01,0.050,16,26.51,11.8014,11
454,Chinese Wall,Alvo,0.95,0.01,0.050,32,25.88,14.1750,6
455,Chinese Wall,Alvo,0.95,0.01,0.050,64,26.06,14.5574,1
456,Chinese Wall,Alvo,0.95,0.01,0.050,128,26.13,16.0417,1
457,Chinese Wall,Alvo,0.95,0.01,0.100,16,25.85,14.0988,3
458,Chinese Wall,Alvo,0.95,0.01,0.100,32,26.05,14.7049,1
459,Chinese Wall,Alvo,0.95,0.01,0.100,64,26.12,16.0417,1
460,Chinese Wall,Alvo,0.95,0.01,0.100,128,27.39,16.3023,1
461,Chinese Wall,Alvo,0.95,0.01,0.160,16,25.88,14.8209,6
462,Chinese Wall,Alvo,0.95,0.01,0.160,32,25.92,16.4808,1
463,Chinese Wall,Alvo,0.95,0.01,0.160,64,25.66,16.3261,1
464,Chinese Wall,Alvo,0.95,0.01,0.160,128,26.48,16.7949,0
465,Chinese Wall,Alvo,0.95,0.50,0.020,16,26.72,12.0873,80
466,Chinese Wall,Alvo,0.95,0.50,0.020,32,26.56,12.8049,18
467,Chinese Wall,Alvo,0.95,0.50,0.020,64,26.00,12.8037,5
468,Chinese Wall,Alvo,0.95,0.50,0.020,128,25.91,14.8209,2
469,Chinese Wall,Alvo,0.95,0.50,0.050,16,26.51,11.8014,11
470,Chinese Wall,Alvo,0.95,0.50,0.050,32,25.88,14.1750,3
471,Chinese Wall,Alvo,0.95,0.50,0.050,64,26.06,14.5574,1
472,Chinese Wall,Alvo,0.95,0.50,0.050,128,26.13,16.0417,5
473,Chinese Wall,Alvo,0.95,0.50,0.100,16,25.85,14.0988,3
474,Chinese Wall,Alvo,0.95,0.50,0.100,32,26.05,14.7049,1
475,Chinese Wall,Alvo,0.95,0.50,0.100,64,26.12,16.0417,1
476,Chinese Wall,Alvo,0.95,0.50,0.100,128,27.39,16.3023,1
477,Chinese Wall,Alvo,0.95,0.50,0.160,16,25.88,14.8209,2
478,Chinese Wall,Alvo,0.95,0.50,0.160,32,25.92,16.4808,4
479,Chinese Wall,Alvo,0.95,0.50,0.160,64,25.66,16.3261,1
480,Chinese Wall,Alvo,0.95,0.50,0.160,128,26.48,16.7949,0
481,Chinese Wall,Alvo,0.95,0.75,0.020,16,26.72,12.0873,86
482,Chinese Wall,Alvo,0.95,0.75,0.020,32,26.56,12.8049,21
483,Chinese Wall,Alvo,0.95,0.75,0.020,64,26.00,12.8037,5
484,Chinese Wall,Alvo,0.95,0.75,0.020,128,25.91,14.8209,2
485,Chinese Wall,Alvo,0.95,0.75,0.050,16,26.51,11.8014,11
486,Chinese Wall,Alvo,0.95,0.75,0.050,32,25.88,14.1750,3
487,Chinese Wall,Alvo,0.95,0.75,0.050,64,26.06,14.5574,1
488,Chinese Wall,Alvo,0.95,0.75,0.050,128,26.13,16.0417,1
489,Chinese Wall,Alvo,0.95,0.75,0.100,16,25.85,14.0988,4
490,Chinese Wall,Alvo,0.95,0.75,0.100,32,26.05,14.7049,1
491,Chinese Wall,Alvo,0.95,0.75,0.100,64,26.12,16.0417,1
492,Chinese Wall,Alvo,0.95,0.75,0.100,128,27.39,16.3023,1
493,Chinese Wall,Alvo,0.95,0.75,0.160,16,25.88,14.8209,2
494,Chinese Wall,Alvo,0.95,0.75,0.160,32,25.88,16.4423,1
495,Chinese Wall,Alvo,0.95,0.75,0.160,64,25.60,16.2826,1
496,Chinese Wall,Alvo,0.95,0.75,0.160,128,26.48,16.7949,0
497,Chinese Wall,Alvo,0.95,1.00,0.020,16,26.25,6.4428,371
498,Chinese Wall,Alvo,0.95,1.00,0.020,32,25.88,6.6149,54
499,Chinese Wall,Alvo,0.95,1.00,0.020,64,26.03,12.5413,9
500,Chinese Wall,Alvo,0.95,1.00,0.020,128,25.80,14.5294,2
501,Chinese Wall,Alvo,0.95,1.00,0.050,16,26.35,10.6774,31
502,Chinese Wall,Alvo,0.95,1.00,0.050,32,25.80,13.6145,8
503,Chinese Wall,Alvo,0.95,1.00,0.050,64,25.69,8.4808,2
504,Chinese Wall,Alvo,0.95,1.00,0.050,128,25.86,15.6531,1
505,Chinese Wall,Alvo,0.95,1.00,0.100,16,25.82,13.5476,8
506,Chinese Wall,Alvo,0.95,1.00,0.100,32,25.68,8.4762,2
507,Chinese Wall,Alvo,0.95,1.00,0.100,64,25.85,15.6531,1
508,Chinese Wall,Alvo,0.95,1.00,0.100,128,27.15,16.2093,1
509,Chinese Wall,Alvo,0.95,1.00,0.160,16,25.77,14.5294,2
510,Chinese Wall,Alvo,0.95,1.00,0.160,32,25.62,16.2500,1
511,Chinese Wall,Alvo,0.95,1.00,0.160,64,26.00,13.6731,1
512,Chinese Wall,Alvo,0.95,1.00,0.160,128,26.48,16.7949,1
513,Boulder,Alvo,0.50,0.01,0.020,16,28.15,10.6975,153
514,Boulder,Alvo,0.50,0.01,0.020,32,26.33,7.3220,30
515,Boulder,Alvo,0.50,0.01,0.020,64,26.05,13.4316,12
516,Boulder,Alvo,0.50,0.01,0.020,128,25.48,16.2308,6
517,Boulder,Alvo,0.50,0.01,0.050,16,27.50,12.7120,24
518,Boulder,Alvo,0.50,0.01,0.050,32,25.84,11.8491,3
519,Boulder,Alvo,0.50,0.01,0.050,64,25.31,14.7012,3
520,Boulder,Alvo,0.50,0.01,0.050,128,24.98,15.9474,1
521,Boulder,Alvo,0.50,0.01,0.100,16,25.76,12.0385,6
522,Boulder,Alvo,0.50,0.01,0.100,32,25.32,14.5682,2
523,Boulder,Alvo,0.50,0.01,0.100,64,24.97,15.9474,1
524,Boulder,Alvo,0.50,0.01,0.100,128,30.10,15.9877,2
525,Boulder,Alvo,0.50,0.01,0.160,16,25.48,17.0357,10
526,Boulder,Alvo,0.50,0.01,0.160,32,26.12,16.9280,3
527,Boulder,Alvo,0.50,0.01,0.160,64,25.87,15.7125,2
528,Boulder,Alvo,0.50,0.01,0.160,128,30.28,15.9146,1
529,Boulder,Alvo,0.50,0.50,0.020,16,28.29,10.4739,161
530,Boulder,Alvo,0.50,0.50,0.020,32,26.33,7.3220,35
531,Boulder,Alvo,0.50,0.50,0.020,64,26.28,13.5368,5
532,Boulder,Alvo,0.50,0.50,0.020,128,25.44,16.6264,8
533,Boulder,Alvo,0.50,0.50,0.050,16,27.53,12.5118,20
534,Boulder,Alvo,0.50,0.50,0.050,32,25.85,11.4182,7
535,Boulder,Alvo,0.50,0.50,0.050,64,25.31,14.7012,3
536,Boulder,Alvo,0.50,0.50,0.050,128,25.22,16.0526,2
537,Boulder,Alvo,0.50,0.50,0.100,16,25.76,12.5200,4
538,Boulder,Alvo,0.50,0.50,0.100,32,25.32,14.5682,2
539,Boulder,Alvo,0.50,0.50,0.100,64,25.21,16.0526,7
540,Boulder,Alvo,0.50,0.50,0.100,128,30.10,15.9877,3
541,Boulder,Alvo,0.50,0.50,0.160,16,25.48,17.0357,4
542,Boulder,Alvo,0.50,0.50,0.160,32,26.12,16.9280,2
543,Boulder,Alvo,0.50,0.50,0.160,64,25.87,15.7125,2
544,Boulder,Alvo,0.50,0.50,0.160,128,30.28,15.9146,5
545,Boulder,Alvo,0.50,0.75,0.020,16,28.09,10.4739,337
546,Boulder,Alvo,0.50,0.75,0.020,32,25.61,7.1654,41
547,Boulder,Alvo,0.50,0.75,0.020,64,26.11,13.4842,9
548,Boulder,Alvo,0.50,0.75,0.020,128,25.44,16.6264,4
549,Boulder,Alvo,0.50,0.75,0.050,16,27.52,11.6277,36
550,Boulder,Alvo,0.50,0.75,0.050,32,26.05,11.0175,6
551,Boulder,Alvo,0.50,0.75,0.050,64,25.62,15.4368,3
552,Boulder,Alvo,0.50,0.75,0.050,128,23.74,6.8042,5
553,Boulder,Alvo,0.50,0.75,0.100,16,25.76,12.5200,5
554,Boulder,Alvo,0.50,0.75,0.100,32,25.61,15.3864,3
555,Boulder,Alvo,0.50,0.75,0.100,64,23.73,6.8042,2
556,Boulder,Alvo,0.50,0.75,0.100,128,30.10,15.9877,2
557,Boulder,Alvo,0.50,0.75,0.160,16,25.48,17.0357,12
558,Boulder,Alvo,0.50,0.75,0.160,32,26.12,16.9280,3
559,Boulder,Alvo,0.50,0.75,0.160,64,25.87,15.7125,2
560,Boulder,Alvo,0.50,0.75,0.160,128,28.29,6.6810,2
561,Boulder,Alvo,0.50,1.00,0.020,16,25.16,4.8456,604
562,Boulder,Alvo,0.50,1.00,0.020,32,25.01,6.1700,67
563,Boulder,Alvo,0.50,1.00,0.020,64,24.80,7.3176,11
564,Boulder,Alvo,0.50,1.00,0.020,128,24.07,8.4702,4
565,Boulder,Alvo,0.50,1.00,0.050,16,24.93,6.0602,39
566,Boulder,Alvo,0.50,1.00,0.050,32,24.38,6.1415,15
567,Boulder,Alvo,0.50,1.00,0.050,64,24.12,9.1181,3
568,Boulder,Alvo,0.50,1.00,0.050,128,23.26,7.8252,2
569,Boulder,Alvo,0.50,1.00,0.100,16,24.52,5.9364,7
570,Boulder,Alvo,0.50,1.00,0.100,32,24.11,9.0938,7
571,Boulder,Alvo,0.50,1.00,0.100,64,23.26,7.8252,2
572,Boulder,Alvo,0.50,1.00,0.100,128,27.97,7.1364,2
573,Boulder,Alvo,0.50,1.00,0.160,16,24.02,8.5874,3
574,Boulder,Alvo,0.50,1.00,0.160,32,23.81,9.5404,2
575,Boulder,Alvo,0.50,1.00,0.160,64,24.46,7.2692,5
576,Boulder,Alvo,0.50,1.00,0.160,128,28.29,6.6810,2
577,Boulder,Alvo,0.75,0.01,0.020,16,28.15,10.6975,150
578,Boulder,Alvo,0.75,0.01,0.020,32,26.33,7.3220,38
579,Boulder,Alvo,0.75,0.01,0.020,64,26.05,13.4316,5
580,Boulder,Alvo,0.75,0.01,0.020,128,25.48,16.2308,3
581,Boulder,Alvo,0.75,0.01,0.050,16,27.50,12.7120,16
582,Boulder,Alvo,0.75,0.01,0.050,32,25.84,11.8491,3
583,Boulder,Alvo,0.75,0.01,0.050,64,25.31,14.7012,6
584,Boulder,Alvo,0.75,0.01,0.050,128,24.98,15.9474,1
585,Boulder,Alvo,0.75,0.01,0.100,16,25.76,12.0385,3
586,Boulder,Alvo,0.75,0.01,0.100,32,25.32,14.5682,2
587,Boulder,Alvo,0.75,0.01,0.100,64,24.97,15.9474,1
588,Boulder,Alvo,0.75,0.01,0.100,128,30.10,15.9877,5
589,Boulder,Alvo,0.75,0.01,0.160,16,25.48,17.0357,3
590,Boulder,Alvo,0.75,0.01,0.160,32,26.12,16.9280,2
591,Boulder,Alvo,0.75,0.01,0.160,64,25.87,15.7125,1
592,Boulder,Alvo,0.75,0.01,0.160,128,30.28,15.9146,1
593,Boulder,Alvo,0.75,0.50,0.020,16,28.29,10.4739,137
594,Boulder,Alvo,0.75,0.50,0.020,32,26.33,7.3220,31
595,Boulder,Alvo,0.75,0.50,0.020,64,26.28,13.5368,6
596,Boulder,Alvo,0.75,0.50,0.020,128,25.44,16.6264,3
597,Boulder,Alvo,0.75,0.50,0.050,16,27.53,12.5118,16
598,Boulder,Alvo,0.75,0.50,0.050,32,25.85,11.4182,4
599,Boulder,Alvo,0.75,0.50,0.050,64,25.31,14.7012,5
600,Boulder,Alvo,0.75,0.50,0.050,128,25.22,16.0526,1
601,Boulder,Alvo,0.75,0.50,0.100,16,25.76,12.5200,3
602,Boulder,Alvo,0.75,0.50,0.100,32,25.32,14.5682,2
603,Boulder,Alvo,0.75,0.50,0.100,64,25.21,16.0526,1
604,Boulder,Alvo,0.75,0.50,0.100,128,30.10,15.9877,8
605,Boulder,Alvo,0.75,0.50,0.160,16,25.48,17.0357,3
606,Boulder,Alvo,0.75,0.50,0.160,32,26.12,16.9280,2
607,Boulder,Alvo,0.75,0.50,0.160,64,25.87,15.7125,2
608,Boulder,Alvo,0.75,0.50,0.160,128,30.28,15.9146,1
609,Boulder,Alvo,0.75,0.75,0.020,16,28.09,10.4739,330
610,Boulder,Alvo,0.75,0.75,0.020,32,25.61,7.1654,44
611,Boulder,Alvo,0.75,0.75,0.020,64,26.11,13.4842,7
612,Boulder,Alvo,0.75,0.75,0.020,128,25.44,16.6264,7
613,Boulder,Alvo,0.75,0.75,0.050,16,27.52,11.6277,24
614,Boulder,Alvo,0.75,0.75,0.050,32,26.05,11.0175,9
615,Boulder,Alvo,0.75,0.75,0.050,64,25.62,15.4368,3
616,Boulder,Alvo,0.75,0.75,0.050,128,23.74,6.8042,2
617,Boulder,Alvo,0.75,0.75,0.100,16,25.76,12.5200,5
618,Boulder,Alvo,0.75,0.75,0.100,32,25.61,15.3864,7
619,Boulder,Alvo,0.75,0.75,0.100,64,23.73,6.8042,2
620,Boulder,Alvo,0.75,0.75,0.100,128,30.10,15.9877,2
621,Boulder,Alvo,0.75,0.75,0.160,16,25.48,17.0357,3
622,Boulder,Alvo,0.75,0.75,0.160,32,26.12,16.9280,2
623,Boulder,Alvo,0.75,0.75,0.160,64,25.87,15.7125,6
624,Boulder,Alvo,0.75,0.75,0.160,128,28.29,6.6810,2
625,Boulder,Alvo,0.75,1.00,0.020,16,25.16,4.8456,502
626,Boulder,Alvo,0.75,1.00,0.020,32,25.01,6.1700,63
627,Boulder,Alvo,0.75,1.00,0.020,64,24.80,7.3176,11
628,Boulder,Alvo,0.75,1.00,0.020,128,24.07,8.4702,7
629,Boulder,Alvo,0.75,1.00,0.050,16,24.93,6.0602,43
630,Boulder,Alvo,0.75,1.00,0.050,32,24.38,6.1415,7
631,Boulder,Alvo,0.75,1.00,0.050,64,24.12,9.1181,3
632,Boulder,Alvo,0.75,1.00,0.050,128,23.26,7.8252,2
633,Boulder,Alvo,0.75,1.00,0.100,16,24.52,5.9364,7
634,Boulder,Alvo,0.75,1.00,0.100,32,24.11,9.0938,3
635,Boulder,Alvo,0.75,1.00,0.100,64,23.26,7.8252,4
636,Boulder,Alvo,0.75,1.00,0.100,128,27.97,7.1364,2
637,Boulder,Alvo,0.75,1.00,0.160,16,24.02,8.5874,7
638,Boulder,Alvo,0.75,1.00,0.160,32,23.81,9.5404,3
639,Boulder,Alvo,0.75,1.00,0.160,64,24.46,7.2692,2
640,Boulder,Alvo,0.75,1.00,0.160,128,28.29,6.6810,2
641,Boulder,Alvo,0.90,0.01,0.020,16,28.15,10.6975,163
642,Boulder,Alvo,0.90,0.01,0.020,32,26.34,7.3779,33
643,Boulder,Alvo,0.90,0.01,0.020,64,26.05,13.4316,6
644,Boulder,Alvo,0.90,0.01,0.020,128,25.46,16.4066,4
645,Boulder,Alvo,0.90,0.01,0.050,16,27.50,12.7120,33
646,Boulder,Alvo,0.90,0.01,0.050,32,25.91,11.4182,4
647,Boulder,Alvo,0.90,0.01,0.050,64,25.31,14.7012,2
648,Boulder,Alvo,0.90,0.01,0.050,128,25.24,15.9737,1
649,Boulder,Alvo,0.90,0.01,0.100,16,25.75,12.0385,4
650,Boulder,Alvo,0.90,0.01,0.100,32,25.32,14.5682,7
651,Boulder,Alvo,0.90,0.01,0.100,64,25.23,15.9737,1
652,Boulder,Alvo,0.90,0.01,0.100,128,30.10,15.9877,2
653,Boulder,Alvo,0.90,0.01,0.160,16,25.48,17.0357,3
654,Boulder,Alvo,0.90,0.01,0.160,32,26.12,16.9280,2
655,Boulder,Alvo,0.90,0.01,0.160,64,25.87,15.7125,5
656,Boulder,Alvo,0.90,0.01,0.160,128,30.28,15.9146,1
657,Boulder,Alvo,0.90,0.50,0.020,16,28.28,10.5474,174
658,Boulder,Alvo,0.90,0.50,0.020,32,26.34,7.3779,39
659,Boulder,Alvo,0.90,0.50,0.020,64,26.08,13.4105,6
660,Boulder,Alvo,0.90,0.50,0.020,128,25.44,16.6264,6
661,Boulder,Alvo,0.90,0.50,0.050,16,27.53,12.5118,17
662,Boulder,Alvo,0.90,0.50,0.050,32,25.91,11.4182,12
663,Boulder,Alvo,0.90,0.50,0.050,64,25.31,14.7012,3
664,Boulder,Alvo,0.90,0.50,0.050,128,25.22,16.0526,1
665,Boulder,Alvo,0.90,0.50,0.100,16,25.75,12.0385,3
666,Boulder,Alvo,0.90,0.50,0.100,32,25.32,14.5682,2
667,Boulder,Alvo,0.90,0.50,0.100,64,25.21,16.0526,2
668,Boulder,Alvo,0.90,0.50,0.100,128,30.10,15.9877,2
669,Boulder,Alvo,0.90,0.50,0.160,16,25.48,17.0357,3
670,Boulder,Alvo,0.90,0.50,0.160,32,26.12,16.9280,2
671,Boulder,Alvo,0.90,0.50,0.160,64,25.87,15.7125,2
672,Boulder,Alvo,0.90,0.50,0.160,128,30.28,15.9146,4
673,Boulder,Alvo,0.90,0.75,0.020,16,28.12,10.4739,310
674,Boulder,Alvo,0.90,0.75,0.020,32,25.63,7.1654,37
675,Boulder,Alvo,0.90,0.75,0.020,64,26.25,13.5368,10
676,Boulder,Alvo,0.90,0.75,0.020,128,25.44,16.6264,4
677,Boulder,Alvo,0.90,0.75,0.050,16,27.48,11.8000,28
678,Boulder,Alvo,0.90,0.75,0.050,32,26.05,11.0175,5
679,Boulder,Alvo,0.90,0.75,0.050,64,25.62,15.4368,6
680,Boulder,Alvo,0.90,0.75,0.050,128,23.74,6.8042,2
681,Boulder,Alvo,0.90,0.75,0.100,16,25.76,12.5200,5
682,Boulder,Alvo,0.90,0.75,0.100,32,25.61,15.3864,3
683,Boulder,Alvo,0.90,0.75,0.100,64,23.73,6.8042,5
684,Boulder,Alvo,0.90,0.75,0.100,128,30.10,15.9877,2
685,Boulder,Alvo,0.90,0.75,0.160,16,25.48,17.0357,4
686,Boulder,Alvo,0.90,0.75,0.160,32,26.12,16.9280,2
687,Boulder,Alvo,0.90,0.75,0.160,64,25.87,15.7125,5
688,Boulder,Alvo,0.90,0.75,0.160,128,28.63,6.4429,2
689,Boulder,Alvo,0.90,1.00,0.020,16,25.16,4.8456,508
690,Boulder,Alvo,0.90,1.00,0.020,32,25.01,6.1700,56
691,Boulder,Alvo,0.90,1.00,0.020,64,24.80,7.3176,11
692,Boulder,Alvo,0.90,1.00,0.020,128,24.07,8.4702,4
693,Boulder,Alvo,0.90,1.00,0.050,16,24.93,6.0602,48
694,Boulder,Alvo,0.90,1.00,0.050,32,24.38,6.1415,7
695,Boulder,Alvo,0.90,1.00,0.050,64,24.12,9.1181,7
696,Boulder,Alvo,0.90,1.00,0.050,128,23.26,7.8252,2
697,Boulder,Alvo,0.90,1.00,0.100,16,24.52,5.9364,7
698,Boulder,Alvo,0.90,1.00,0.100,32,24.11,9.0938,3
699,Boulder,Alvo,0.90,1.00,0.100,64,23.26,7.8252,2
700,Boulder,Alvo,0.90,1.00,0.100,128,27.97,7.1364,6
701,Boulder,Alvo,0.90,1.00,0.160,16,24.02,8.5874,3
702,Boulder,Alvo,0.90,1.00,0.160,32,23.81,9.5404,2
703,Boulder,Alvo,0.90,1.00,0.160,64,24.46,7.2692,2
704,Boulder,Alvo,0.90,1.00,0.160,128,28.29,6.6810,2
705,Boulder,Alvo,0.95,0.01,0.020,16,25.61,5.6402,349
706,Boulder,Alvo,0.95,0.01,0.020,32,24.97,6.5599,38
707,Boulder,Alvo,0.95,0.01,0.020,64,26.29,12.9899,8
708,Boulder,Alvo,0.95,0.01,0.020,128,24.30,9.1126,4
709,Boulder,Alvo,0.95,0.01,0.050,16,26.28,7.0817,30
710,Boulder,Alvo,0.95,0.01,0.050,32,26.02,11.0175,5
711,Boulder,Alvo,0.95,0.01,0.050,64,24.93,9.7891,3
712,Boulder,Alvo,0.95,0.01,0.050,128,23.26,7.8252,2
713,Boulder,Alvo,0.95,0.01,0.100,16,25.76,12.5200,9
714,Boulder,Alvo,0.95,0.01,0.100,32,25.31,9.3913,3
715,Boulder,Alvo,0.95,0.01,0.100,64,23.26,7.8252,2
716,Boulder,Alvo,0.95,0.01,0.100,128,28.56,6.7323,2
717,Boulder,Alvo,0.95,0.01,0.160,16,24.28,9.1608,4
718,Boulder,Alvo,0.95,0.01,0.160,32,26.12,16.9280,6
719,Boulder,Alvo,0.95,0.01,0.160,64,25.23,6.5337,2
720,Boulder,Alvo,0.95,0.01,0.160,128,28.63,6.4429,2
721,Boulder,Alvo,0.95,0.50,0.020,16,25.61,5.6402,391
722,Boulder,Alvo,0.95,0.50,0.020,32,24.97,6.5599,45
723,Boulder,Alvo,0.95,0.50,0.020,64,26.29,12.9899,7
724,Boulder,Alvo,0.95,0.50,0.020,128,24.30,9.1126,4
725,Boulder,Alvo,0.95,0.50,0.050,16,26.28,7.0817,25
726,Boulder,Alvo,0.95,0.50,0.050,32,26.02,11.0175,8
727,Boulder,Alvo,0.95,0.50,0.050,64,24.93,9.7891,3
728,Boulder,Alvo,0.95,0.50,0.050,128,23.26,7.8252,2
729,Boulder,Alvo,0.95,0.50,0.100,16,25.76,12.5200,5
730,Boulder,Alvo,0.95,0.50,0.100,32,25.31,9.3913,3
731,Boulder,Alvo,0.95,0.50,0.100,64,23.26,7.8252,5
732,Boulder,Alvo,0.95,0.50,0.100,128,28.56,6.7323,2
733,Boulder,Alvo,0.95,0.50,0.160,16,24.28,9.1608,4
734,Boulder,Alvo,0.95,0.50,0.160,32,26.12,16.9280,3
735,Boulder,Alvo,0.95,0.50,0.160,64,25.23,6.5337,2
736,Boulder,Alvo,0.95,0.50,0.160,128,28.63,6.4429,6
737,Boulder,Alvo,0.95,0.75,0.020,16,25.61,5.6402,379
738,Boulder,Alvo,0.95,0.75,0.020,32,24.97,6.5599,46
739,Boulder,Alvo,0.95,0.75,0.020,64,26.29,12.9899,9
740,Boulder,Alvo,0.95,0.75,0.020,128,24.04,8.9272,7
741,Boulder,Alvo,0.95,0.75,0.050,16,25.89,6.9087,27
742,Boulder,Alvo,0.95,0.75,0.050,32,26.02,11.0175,6
743,Boulder,Alvo,0.95,0.75,0.050,64,24.98,9.9141,3
744,Boulder,Alvo,0.95,0.75,0.050,128,23.26,7.8252,2
745,Boulder,Alvo,0.95,0.75,0.100,16,25.76,12.5200,9
746,Boulder,Alvo,0.95,0.75,0.100,32,25.37,9.5870,3
747,Boulder,Alvo,0.95,0.75,0.100,64,23.26,7.8252,2
748,Boulder,Alvo,0.95,0.75,0.100,128,28.56,6.7323,2
749,Boulder,Alvo,0.95,0.75,0.160,16,24.01,8.9860,4
750,Boulder,Alvo,0.95,0.75,0.160,32,26.12,16.9280,10
751,Boulder,Alvo,0.95,0.75,0.160,64,25.23,6.5337,2
752,Boulder,Alvo,0.95,0.75,0.160,128,28.63,6.4429,2
753,Boulder,Alvo,0.95,1.00,0.020,16,25.16,4.8456,550
754,Boulder,Alvo,0.95,1.00,0.020,32,25.01,6.1700,57
755,Boulder,Alvo,0.95,1.00,0.020,64,24.80,7.3176,10
756,Boulder,Alvo,0.95,1.00,0.020,128,24.07,8.4702,4
757,Boulder,Alvo,0.95,1.00,0.050,16,24.93,6.0602,44
758,Boulder,Alvo,0.95,1.00,0.050,32,24.38,6.1415,7
759,Boulder,Alvo,0.95,1.00,0.050,64,24.12,9.1181,7
760,Boulder,Alvo,0.95,1.00,0.050,128,23.26,7.8252,2
761,Boulder,Alvo,0.95,1.00,0.100,16,24.52,5.9364,7
762,Boulder,Alvo,0.95,1.00,0.100,32,24.11,9.0938,3
763,Boulder,Alvo,0.95,1.00,0.100,64,23.26,7.8252,5
764,Boulder,Alvo,0.95,1.00,0.100,128,27.97,7.1364,2
765,Boulder,Alvo,0.95,1.00,0.160,16,24.02,8.5874,3
766,Boulder,Alvo,0.95,1.00,0.160,32,23.81,9.5404,2
767,Boulder,Alvo,0.95,1.00,0.160,64,24.46,7.2692,2
768,Boulder,Alvo,0.95,1.00,0.160,128,28.29,6.6810,5
769,Forest,Alvo,0.50,0.01,0.020,16,23.65,11.0079,82
770,Forest,Alvo,0.50,0.01,0.020,32,23.15,11.6136,17
771,Forest,Alvo,0.50,0.01,0.020,64,22.13,12.2239,5
772,Forest,Alvo,0.50,0.01,0.020,128,22.21,14.4054,2
773,Forest,Alvo,0.50,0.01,0.050,16,22.76,11.2170,13
774,Forest,Alvo,0.50,0.01,0.050,32,23.40,12.2759,4
775,Forest,Alvo,0.50,0.01,0.050,64,23.76,14.6944,1
776,Forest,Alvo,0.50,0.01,0.050,128,21.98,16.6774,4
777,Forest,Alvo,0.50,0.01,0.100,16,23.44,12.1017,4
778,Forest,Alvo,0.50,0.01,0.100,32,23.20,14.8684,1
779,Forest,Alvo,0.50,0.01,0.100,64,21.97,16.6774,1
780,Forest,Alvo,0.50,0.01,0.100,128,21.57,13.5714,0
781,Forest,Alvo,0.50,0.01,0.160,16,22.16,14.4054,1
782,Forest,Alvo,0.50,0.01,0.160,32,24.99,16.2667,1
783,Forest,Alvo,0.50,0.01,0.160,64,24.53,14.3704,0
784,Forest,Alvo,0.50,0.01,0.160,128,22.64,14.1923,0
785,Forest,Alvo,0.50,0.50,0.020,16,23.65,11.0079,102
786,Forest,Alvo,0.50,0.50,0.020,32,23.15,11.6136,18
787,Forest,Alvo,0.50,0.50,0.020,64,22.13,12.2239,5
788,Forest,Alvo,0.50,0.50,0.020,128,22.21,14.4054,2
789,Forest,Alvo,0.50,0.50,0.050,16,22.70,11.0093,13
790,Forest,Alvo,0.50,0.50,0.050,32,23.39,11.8333,4
791,Forest,Alvo,0.50,0.50,0.050,64,23.71,13.8684,3
792,Forest,Alvo,0.50,0.50,0.050,128,21.98,16.6774,1
793,Forest,Alvo,0.50,0.50,0.100,16,23.49,11.7049,4
794,Forest,Alvo,0.50,0.50,0.100,32,23.15,14.0750,1
795,Forest,Alvo,0.50,0.50,0.100,64,21.97,16.6774,1
796,Forest,Alvo,0.50,0.50,0.100,128,21.57,13.5714,0
797,Forest,Alvo,0.50,0.50,0.160,16,22.16,14.4054,2
798,Forest,Alvo,0.50,0.50,0.160,32,24.99,16.2667,1
799,Forest,Alvo,0.50,0.50,0.160,64,24.53,14.3704,0
800,Forest,Alvo,0.50,0.50,0.160,128,22.64,14.1923,0
801,Forest,Alvo,0.50,0.75,0.020,16,23.64,10.8372,122
802,Forest,Alvo,0.50,0.75,0.020,32,23.07,11.0797,23
803,Forest,Alvo,0.50,0.75,0.020,64,22.11,12.2239,5
804,Forest,Alvo,0.50,0.75,0.020,128,22.17,12.8049,5
805,Forest,Alvo,0.50,0.75,0.050,16,22.92,10.8091,18
806,Forest,Alvo,0.50,0.75,0.050,32,23.38,11.0625,5
807,Forest,Alvo,0.50,0.75,0.050,64,23.60,13.7632,3
808,Forest,Alvo,0.50,0.75,0.050,128,21.88,14.1944,1
809,Forest,Alvo,0.50,0.75,0.100,16,23.38,11.6393,5
810,Forest,Alvo,0.50,0.75,0.100,32,23.04,13.9750,2
811,Forest,Alvo,0.50,0.75,0.100,64,21.87,14.1944,1
812,Forest,Alvo,0.50,0.75,0.100,128,21.57,13.5714,0
813,Forest,Alvo,0.50,0.75,0.160,16,22.14,12.8049,2
814,Forest,Alvo,0.50,0.75,0.160,32,24.99,16.2667,1
815,Forest,Alvo,0.50,0.75,0.160,64,24.53,14.3704,0
816,Forest,Alvo,0.50,0.75,0.160,128,22.64,14.1923,0
817,Forest,Alvo,0.50,1.00,0.020,16,22.03,3.2343,441
818,Forest,Alvo,0.50,1.00,0.020,32,21.50,3.5806,68
819,Forest,Alvo,0.50,1.00,0.020,64,21.61,4.5337,19
820,Forest,Alvo,0.50,1.00,0.020,128,21.72,7.3768,3
821,Forest,Alvo,0.50,1.00,0.050,16,21.94,4.4221,47
822,Forest,Alvo,0.50,1.00,0.050,32,22.30,6.6154,9
823,Forest,Alvo,0.50,1.00,0.050,64,22.88,8.5091,3
824,Forest,Alvo,0.50,1.00,0.050,128,21.26,13.5278,1
825,Forest,Alvo,0.50,1.00,0.100,16,22.29,6.6990,12
826,Forest,Alvo,0.50,1.00,0.100,32,22.50,8.1250,3
827,Forest,Alvo,0.50,1.00,0.100,64,21.25,13.5278,1
828,Forest,Alvo,0.50,1.00,0.100,128,21.22,11.5152,0
829,Forest,Alvo,0.50,1.00,0.160,16,21.69,7.3768,3
830,Forest,Alvo,0.50,1.00,0.160,32,24.06,9.6000,2
831,Forest,Alvo,0.50,1.00,0.160,64,23.77,12.1250,1
832,Forest,Alvo,0.50,1.00,0.160,128,22.33,11.9032,0
833,Forest,Alvo,0.75,0.01,0.020,16,23.65,11.0079,83
834,Forest,Alvo,0.75,0.01,0.020,32,23.15,11.6136,18
835,Forest,Alvo,0.75,0.01,0.020,64,22.13,12.2239,5
836,Forest,Alvo,0.75,0.01,0.020,128,22.21,14.4054,2
837,Forest,Alvo,0.75,0.01,0.050,16,22.76,11.2170,17
838,Forest,Alvo,0.75,0.01,0.050,32,23.40,12.2759,4
839,Forest,Alvo,0.75,0.01,0.050,64,23.76,14.6944,2
840,Forest,Alvo,0.75,0.01,0.050,128,21.98,16.6774,1
841,Forest,Alvo,0.75,0.01,0.100,16,23.44,12.1017,4
842,Forest,Alvo,0.75,0.01,0.100,32,23.20,14.8684,5
843,Forest,Alvo,0.75,0.01,0.100,64,21.97,16.6774,1
844,Forest,Alvo,0.75,0.01,0.100,128,21.57,13.5714,0
845,Forest,Alvo,0.75,0.01,0.160,16,22.16,14.4054,2
846,Forest,Alvo,0.75,0.01,0.160,32,24.99,16.2667,1
847,Forest,Alvo,0.75,0.01,0.160,64,24.53,14.3704,0
848,Forest,Alvo,0.75,0.01,0.160,128,22.64,14.1923,0
849,Forest,Alvo,0.75,0.50,0.020,16,23.65,11.0079,89
850,Forest,Alvo,0.75,0.50,0.020,32,23.15,11.6136,18
851,Forest,Alvo,0.75,0.50,0.020,64,22.13,12.2239,5
852,Forest,Alvo,0.75,0.50,0.020,128,22.21,14.4054,2
853,Forest,Alvo,0.75,0.50,0.050,16,22.70,11.0093,17
854,Forest,Alvo,0.75,0.50,0.050,32,23.39,11.8333,4
855,Forest,Alvo,0.75,0.50,0.050,64,23.71,13.8684,2
856,Forest,Alvo,0.75,0.50,0.050,128,21.98,16.6774,1
857,Forest,Alvo,0.75,0.50,0.100,16,23.49,11.7049,4
858,Forest,Alvo,0.75,0.50,0.100,32,23.15,14.0750,2
859,Forest,Alvo,0.75,0.50,0.100,64,21.97,16.6774,4
860,Forest,Alvo,0.75,0.50,0.100,128,21.57,13.5714,0
861,Forest,Alvo,0.75,0.50,0.160,16,22.16,14.4054,2
862,Forest,Alvo,0.75,0.50,0.160,32,24.99,16.2667,1
863,Forest,Alvo,0.75,0.50,0.160,64,24.53,14.3704,0
864,Forest,Alvo,0.75,0.50,0.160,128,22.64,14.1923,0
865,Forest,Alvo,0.75,0.75,0.020,16,23.64,10.8372,123
866,Forest,Alvo,0.75,0.75,0.020,32,23.07,11.0797,36
867,Forest,Alvo,0.75,0.75,0.020,64,22.11,12.2239,5
868,Forest,Alvo,0.75,0.75,0.020,128,22.17,12.8049,2
869,Forest,Alvo,0.75,0.75,0.050,16,22.92,10.8091,18
870,Forest,Alvo,0.75,0.75,0.050,32,23.38,11.0625,5
871,Forest,Alvo,0.75,0.75,0.050,64,23.60,13.7632,5
872,Forest,Alvo,0.75,0.75,0.050,128,21.88,14.1944,1
873,Forest,Alvo,0.75,0.75,0.100,16,23.38,11.6393,5
874,Forest,Alvo,0.75,0.75,0.100,32,23.04,13.9750,2
875,Forest,Alvo,0.75,0.75,0.100,64,21.87,14.1944,1
876,Forest,Alvo,0.75,0.75,0.100,128,21.57,13.5714,0
877,Forest,Alvo,0.75,0.75,0.160,16,22.14,12.8049,5
878,Forest,Alvo,0.75,0.75,0.160,32,24.99,16.2667,1
879,Forest,Alvo,0.75,0.75,0.160,64,24.53,14.3704,0
880,Forest,Alvo,0.75,0.75,0.160,128,22.64,14.1923,0
881,Forest,Alvo,0.75,1.00,0.020,16,22.03,3.2343,433
882,Forest,Alvo,0.75,1.00,0.020,32,21.50,3.5806,69
883,Forest,Alvo,0.75,1.00,0.020,64,21.61,4.5337,11
884,Forest,Alvo,0.75,1.00,0.020,128,21.72,7.3768,3
885,Forest,Alvo,0.75,1.00,0.050,16,21.94,4.4221,37
886,Forest,Alvo,0.75,1.00,0.050,32,22.30,6.6154,16
887,Forest,Alvo,0.75,1.00,0.050,64,22.88,8.5091,3
888,Forest,Alvo,0.75,1.00,0.050,128,21.26,13.5278,1
889,Forest,Alvo,0.75,1.00,0.100,16,22.29,6.6990,8
890,Forest,Alvo,0.75,1.00,0.100,32,22.50,8.1250,3
891,Forest,Alvo,0.75,1.00,0.100,64,21.25,13.5278,1
892,Forest,Alvo,0.75,1.00,0.100,128,21.22,11.5152,0
893,Forest,Alvo,0.75,1.00,0.160,16,21.69,7.3768,8
894,Forest,Alvo,0.75,1.00,0.160,32,24.06,9.6000,2
895,Forest,Alvo,0.75,1.00,0.160,64,23.77,12.1250,1
896,Forest,Alvo,0.75,1.00,0.160,128,22.33,11.9032,0
897,Forest,Alvo,0.90,0.01,0.020,16,23.65,11.0079,110
898,Forest,Alvo,0.90,0.01,0.020,32,22.45,10.2381,23
899,Forest,Alvo,0.90,0.01,0.020,64,22.14,11.3611,5
900,Forest,Alvo,0.90,0.01,0.020,128,22.21,14.4054,2
901,Forest,Alvo,0.90,0.01,0.050,16,22.80,11.2170,14
902,Forest,Alvo,0.90,0.01,0.050,32,23.22,7.5806,4
903,Forest,Alvo,0.90,0.01,0.050,64,23.73,13.8158,1
904,Forest,Alvo,0.90,0.01,0.050,128,21.98,16.6774,1
905,Forest,Alvo,0.90,0.01,0.100,16,23.28,7.4105,10
906,Forest,Alvo,0.90,0.01,0.100,32,23.17,14.0250,2
907,Forest,Alvo,0.90,0.01,0.100,64,21.97,16.6774,1
908,Forest,Alvo,0.90,0.01,0.100,128,21.57,13.5714,0
909,Forest,Alvo,0.90,0.01,0.160,16,22.16,14.4054,2
910,Forest,Alvo,0.90,0.01,0.160,32,24.99,16.2667,1
911,Forest,Alvo,0.90,0.01,0.160,64,24.53,14.3704,0
912,Forest,Alvo,0.90,0.01,0.160,128,22.64,14.1923,0
913,Forest,Alvo,0.90,0.50,0.020,16,23.65,11.0079,95
914,Forest,Alvo,0.90,0.50,0.020,32,22.45,10.2381,29
915,Forest,Alvo,0.90,0.50,0.020,64,22.14,11.3611,5
916,Forest,Alvo,0.90,0.50,0.020,128,22.21,14.4054,2
917,Forest,Alvo,0.90,0.50,0.050,16,22.75,11.2170,14
918,Forest,Alvo,0.90,0.50,0.050,32,23.19,7.5806,4
919,Forest,Alvo,0.90,0.50,0.050,64,23.73,13.8158,5
920,Forest,Alvo,0.90,0.50,0.050,128,21.98,16.6774,1
921,Forest,Alvo,0.90,0.50,0.100,16,23.25,7.4105,4
922,Forest,Alvo,0.90,0.50,0.100,32,23.17,14.0250,1
923,Forest,Alvo,0.90,0.50,0.100,64,21.97,16.6774,1
924,Forest,Alvo,0.90,0.50,0.100,128,21.57,13.5714,0
925,Forest,Alvo,0.90,0.50,0.160,16,22.16,14.4054,2
926,Forest,Alvo,0.90,0.50,0.160,32,24.99,16.2667,4
927,Forest,Alvo,0.90,0.50,0.160,64,24.53,14.3704,0
928,Forest,Alvo,0.90,0.50,0.160,128,22.64,14.1923,0
929,Forest,Alvo,0.90,0.75,0.020,16,23.65,10.9219,126
930,Forest,Alvo,0.90,0.75,0.020,32,22.42,10.0604,20
931,Forest,Alvo,0.90,0.75,0.020,64,22.13,11.3611,5
932,Forest,Alvo,0.90,0.75,0.020,128,22.18,12.8537,5
933,Forest,Alvo,0.90,0.75,0.050,16,22.90,11.0093,22
934,Forest,Alvo,0.90,0.75,0.050,32,22.77,6.7087,5
935,Forest,Alvo,0.90,0.75,0.050,64,23.67,13.7368,2
936,Forest,Alvo,0.90,0.75,0.050,128,21.88,14.1944,1
937,Forest,Alvo,0.90,0.75,0.100,16,22.48,7.1875,5
938,Forest,Alvo,0.90,0.75,0.100,32,23.11,13.9500,5
939,Forest,Alvo,0.90,0.75,0.100,64,21.87,14.1944,1
940,Forest,Alvo,0.90,0.75,0.100,128,21.57,13.5714,0
941,Forest,Alvo,0.90,0.75,0.160,16,22.14,12.8537,2
942,Forest,Alvo,0.90,0.75,0.160,32,24.99,16.2667,1
943,Forest,Alvo,0.90,0.75,0.160,64,24.53,14.3704,0
944,Forest,Alvo,0.90,0.75,0.160,128,22.64,14.1923,0
945,Forest,Alvo,0.90,1.00,0.020,16,22.03,3.2343,448
946,Forest,Alvo,0.90,1.00,0.020,32,21.50,3.5806,66
947,Forest,Alvo,0.90,1.00,0.020,64,21.61,4.5337,11
948,Forest,Alvo,0.90,1.00,0.020,128,21.72,7.3768,4
949,Forest,Alvo,0.90,1.00,0.050,16,21.94,4.4221,38
950,Forest,Alvo,0.90,1.00,0.050,32,22.30,6.6154,17
951,Forest,Alvo,0.90,1.00,0.050,64,22.88,8.5091,3
952,Forest,Alvo,0.90,1.00,0.050,128,21.26,13.5278,1
953,Forest,Alvo,0.90,1.00,0.100,16,22.29,6.6990,8
954,Forest,Alvo,0.90,1.00,0.100,32,22.50,8.1250,3
955,Forest,Alvo,0.90,1.00,0.100,64,21.25,13.5278,1
956,Forest,Alvo,0.90,1.00,0.100,128,21.22,11.5152,0
957,Forest,Alvo,0.90,1.00,0.160,16,21.69,7.3768,8
958,Forest,Alvo,0.90,1.00,0.160,32,24.06,9.6000,2
959,Forest,Alvo,0.90,1.00,0.160,64,23.77,12.1250,1
960,Forest,Alvo,0.90,1.00,0.160,128,22.33,11.9032,0
961,Forest,Alvo,0.95,0.01,0.020,16,22.98,9.5315,153
962,Forest,Alvo,0.95,0.01,0.020,32,22.34,8.1913,28
963,Forest,Alvo,0.95,0.01,0.020,64,22.04,10.2911,6
964,Forest,Alvo,0.95,0.01,0.020,128,21.62,10.6458,2
965,Forest,Alvo,0.95,0.01,0.050,16,22.40,6.2063,21
966,Forest,Alvo,0.95,0.01,0.050,32,22.49,6.8600,5
967,Forest,Alvo,0.95,0.01,0.050,64,23.55,9.5000,2
968,Forest,Alvo,0.95,0.01,0.050,128,21.77,13.9722,1
969,Forest,Alvo,0.95,0.01,0.100,16,22.46,6.9495,12
970,Forest,Alvo,0.95,0.01,0.100,32,23.02,9.7679,2
971,Forest,Alvo,0.95,0.01,0.100,64,21.75,13.9722,1
972,Forest,Alvo,0.95,0.01,0.100,128,21.57,13.5714,0
973,Forest,Alvo,0.95,0.01,0.160,16,21.59,10.6458,2
974,Forest,Alvo,0.95,0.01,0.160,32,24.06,9.6000,1
975,Forest,Alvo,0.95,0.01,0.160,64,24.53,14.3704,0
976,Forest,Alvo,0.95,0.01,0.160,128,22.64,14.1923,0
977,Forest,Alvo,0.95,0.50,0.020,16,22.98,9.5315,161
978,Forest,Alvo,0.95,0.50,0.020,32,22.34,8.1913,29
979,Forest,Alvo,0.95,0.50,0.020,64,22.04,10.2911,6
980,Forest,Alvo,0.95,0.50,0.020,128,21.62,10.6458,2
981,Forest,Alvo,0.95,0.50,0.050,16,22.40,6.2063,21
982,Forest,Alvo,0.95,0.50,0.050,32,22.49,6.8600,5
983,Forest,Alvo,0.95,0.50,0.050,64,23.55,9.5000,3
984,Forest,Alvo,0.95,0.50,0.050,128,21.77,13.9722,1
985,Forest,Alvo,0.95,0.50,0.100,16,22.46,6.9495,5
986,Forest,Alvo,0.95,0.50,0.100,32,23.02,9.7679,2
987,Forest,Alvo,0.95,0.50,0.100,64,21.75,13.9722,1
988,Forest,Alvo,0.95,0.50,0.100,128,21.57,13.5714,0
989,Forest,Alvo,0.95,0.50,0.160,16,21.59,10.6458,2
990,Forest,Alvo,0.95,0.50,0.160,32,24.06,9.6000,1
991,Forest,Alvo,0.95,0.50,0.160,64,24.53,14.3704,0
992,Forest,Alvo,0.95,0.50,0.160,128,22.64,14.1923,0
993,Forest,Alvo,0.95,0.75,0.020,16,22.98,9.5315,155
994,Forest,Alvo,0.95,0.75,0.020,32,22.34,8.1913,30
995,Forest,Alvo,0.95,0.75,0.020,64,22.04,10.2911,6
996,Forest,Alvo,0.95,0.75,0.020,128,21.62,10.6458,2
997,Forest,Alvo,0.95,0.75,0.050,16,22.41,6.2063,22
998,Forest,Alvo,0.95,0.75,0.050,32,22.49,6.8600,6
999,Forest,Alvo,0.95,0.75,0.050,64,23.50,9.4630,2
1000,Forest,Alvo,0.95,0.75,0.050,128,21.77,13.9722,1
1001,Forest,Alvo,0.95,0.75,0.100,16,22.46,6.9495,5
1002,Forest,Alvo,0.95,0.75,0.100,32,22.97,9.7321,2
1003,Forest,Alvo,0.95,0.75,0.100,64,21.75,13.9722,1
1004,Forest,Alvo,0.95,0.75,0.100,128,21.57,13.5714,0
1005,Forest,Alvo,0.95,0.75,0.160,16,21.59,10.6458,2
1006,Forest,Alvo,0.95,0.75,0.160,32,24.06,9.6000,1
1007,Forest,Alvo,0.95,0.75,0.160,64,24.53,14.3704,0
1008,Forest,Alvo,0.95,0.75,0.160,128,22.64,14.1923,0
1009,Forest,Alvo,0.95,1.00,0.020,16,22.03,3.2343,438
1010,Forest,Alvo,0.95,1.00,0.020,32,21.50,3.5806,69
1011,Forest,Alvo,0.95,1.00,0.020,64,21.61,4.5337,11
1012,Forest,Alvo,0.95,1.00,0.020,128,21.72,7.3768,3
1013,Forest,Alvo,0.95,1.00,0.050,16,21.94,4.4221,40
1014,Forest,Alvo,0.95,1.00,0.050,32,22.30,6.6154,16
1015,Forest,Alvo,0.95,1.00,0.050,64,22.88,8.5091,3
1016,Forest,Alvo,0.95,1.00,0.050,128,21.26,13.5278,1
1017,Forest,Alvo,0.95,1.00,0.100,16,22.29,6.6990,9
1018,Forest,Alvo,0.95,1.00,0.100,32,22.50,8.1250,3
1019,Forest,Alvo,0.95,1.00,0.100,64,21.25,13.5278,1
1020,Forest,Alvo,0.95,1.00,0.100,128,21.22,11.5152,0
1021,Forest,Alvo,0.95,1.00,0.160,16,21.69,7.3768,8
1022,Forest,Alvo,0.95,1.00,0.160,32,24.06,9.6000,2
1023,Forest,Alvo,0.95,1.00,0.160,64,23.77,12.1250,1
1024,Forest,Alvo,0.95,1.00,0.160,128,22.33,11.9032,0
1025,Broken Rock,Alvo,0.50,0.01,0.020,16,29.40,10.6800,154
1026,Broken Rock,Alvo,0.50,0.01,0.020,32,28.01,11.9936,28
1027,Broken Rock,Alvo,0.50,0.01,0.020,64,26.66,13.2674,5
1028,Broken Rock,Alvo,0.50,0.01,0.020,128,26.72,14.7381,3
1029,Broken Rock,Alvo,0.50,0.01,0.050,16,27.03,11.3182,17
1030,Broken Rock,Alvo,0.50,0.01,0.050,32,26.01,12.3137,3
1031,Broken Rock,Alvo,0.50,0.01,0.050,64,25.44,13.7121,2
1032,Broken Rock,Alvo,0.50,0.01,0.050,128,25.15,15.0500,7
1033,Broken Rock,Alvo,0.50,0.01,0.100,16,26.47,13.0417,3
1034,Broken Rock,Alvo,0.50,0.01,0.100,32,25.43,13.7121,1
1035,Broken Rock,Alvo,0.50,0.01,0.100,64,25.14,15.0500,2
1036,Broken Rock,Alvo,0.50,0.01,0.100,128,28.61,15.6000,1
1037,Broken Rock,Alvo,0.50,0.01,0.160,16,26.69,14.7381,6
1038,Broken Rock,Alvo,0.50,0.01,0.160,32,26.04,11.6328,2
1039,Broken Rock,Alvo,0.50,0.01,0.160,64,26.22,13.5909,1
1040,Broken Rock,Alvo,0.50,0.01,0.160,128,31.19,15.4478,1
1041,Broken Rock,Alvo,0.50,0.50,0.020,16,29.38,10.6800,153
1042,Broken Rock,Alvo,0.50,0.50,0.020,32,28.01,11.9936,37
1043,Broken Rock,Alvo,0.50,0.50,0.020,64,26.72,13.2674,5
1044,Broken Rock,Alvo,0.50,0.50,0.020,128,26.68,14.6667,3
1045,Broken Rock,Alvo,0.50,0.50,0.050,16,26.97,11.1161,16
1046,Broken Rock,Alvo,0.50,0.50,0.050,32,25.95,11.4182,3
1047,Broken Rock,Alvo,0.50,0.50,0.050,64,25.44,13.7121,5
1048,Broken Rock,Alvo,0.50,0.50,0.050,128,25.15,15.0500,2
1049,Broken Rock,Alvo,0.50,0.50,0.100,16,26.47,13.0417,3
1050,Broken Rock,Alvo,0.50,0.50,0.100,32,25.43,13.7121,2
1051,Broken Rock,Alvo,0.50,0.50,0.100,64,25.14,15.0500,5
1052,Broken Rock,Alvo,0.50,0.50,0.100,128,28.61,15.6000,2
1053,Broken Rock,Alvo,0.50,0.50,0.160,16,26.70,14.6667,3
1054,Broken Rock,Alvo,0.50,0.50,0.160,32,26.04,11.6328,2
1055,Broken Rock,Alvo,0.50,0.50,0.160,64,26.22,13.5909,1
1056,Broken Rock,Alvo,0.50,0.50,0.160,128,31.19,15.4478,4
1057,Broken Rock,Alvo,0.50,0.75,0.020,16,29.35,10.6800,317
1058,Broken Rock,Alvo,0.50,0.75,0.020,32,27.96,11.3804,42
1059,Broken Rock,Alvo,0.50,0.75,0.020,64,26.44,13.1512,7
1060,Broken Rock,Alvo,0.50,0.75,0.020,128,26.84,15.0581,6
1061,Broken Rock,Alvo,0.50,0.75,0.050,16,26.86,10.9646,28
1062,Broken Rock,Alvo,0.50,0.75,0.050,32,26.05,11.0175,9
1063,Broken Rock,Alvo,0.50,0.75,0.050,64,25.46,14.9394,2
1064,Broken Rock,Alvo,0.50,0.75,0.050,128,25.18,16.2400,2
1065,Broken Rock,Alvo,0.50,0.75,0.100,16,26.47,13.0417,4
1066,Broken Rock,Alvo,0.50,0.75,0.100,32,25.45,14.9394,2
1067,Broken Rock,Alvo,0.50,0.75,0.100,64,25.18,16.2400,2
1068,Broken Rock,Alvo,0.50,0.75,0.100,128,28.61,15.6000,2
1069,Broken Rock,Alvo,0.50,0.75,0.160,16,26.82,15.0581,3
1070,Broken Rock,Alvo,0.50,0.75,0.160,32,26.16,12.4531,2
1071,Broken Rock,Alvo,0.50,0.75,0.160,64,26.22,13.5909,1
1072,Broken Rock,Alvo,0.50,0.75,0.160,128,29.06,6.8970,6
1073,Broken Rock,Alvo,0.50,1.00,0.020,16,26.99,4.8080,572
1074,Broken Rock,Alvo,0.50,1.00,0.020,32,26.22,5.4337,72
1075,Broken Rock,Alvo,0.50,1.00,0.020,64,25.51,6.3539,19
1076,Broken Rock,Alvo,0.50,1.00,0.020,128,24.93,7.4924,4
1077,Broken Rock,Alvo,0.50,1.00,0.050,16,25.13,5.4534,53
1078,Broken Rock,Alvo,0.50,1.00,0.050,32,25.16,5.7931,7
1079,Broken Rock,Alvo,0.50,1.00,0.050,64,24.29,8.3495,3
1080,Broken Rock,Alvo,0.50,1.00,0.050,128,24.13,10.0709,7
1081,Broken Rock,Alvo,0.50,1.00,0.100,16,25.09,6.7400,7
1082,Broken Rock,Alvo,0.50,1.00,0.100,32,24.28,8.3173,2
1083,Broken Rock,Alvo,0.50,1.00,0.100,64,24.12,10.0709,2
1084,Broken Rock,Alvo,0.50,1.00,0.100,128,27.77,7.0909,5
1085,Broken Rock,Alvo,0.50,1.00,0.160,16,24.96,7.4924,4
1086,Broken Rock,Alvo,0.50,1.00,0.160,32,24.06,8.0290,3
1087,Broken Rock,Alvo,0.50,1.00,0.160,64,24.88,6.7899,1
1088,Broken Rock,Alvo,0.50,1.00,0.160,128,29.06,6.8970,2
1089,Broken Rock,Alvo,0.75,0.01,0.020,16,29.40,10.6800,141
1090,Broken Rock,Alvo,0.75,0.01,0.020,32,28.01,11.9936,29
1091,Broken Rock,Alvo,0.75,0.01,0.020,64,26.66,13.2674,5
1092,Broken Rock,Alvo,0.75,0.01,0.020,128,26.72,14.7381,6
1093,Broken Rock,Alvo,0.75,0.01,0.050,16,27.03,11.3182,17
1094,Broken Rock,Alvo,0.75,0.01,0.050,32,26.01,12.3137,6
1095,Broken Rock,Alvo,0.75,0.01,0.050,64,25.44,13.7121,2
1096,Broken Rock,Alvo,0.75,0.01,0.050,128,25.15,15.0500,2
1097,Broken Rock,Alvo,0.75,0.01,0.100,16,26.47,13.0417,3
1098,Broken Rock,Alvo,0.75,0.01,0.100,32,25.43,13.7121,5
1099,Broken Rock,Alvo,0.75,0.01,0.100,64,25.14,15.0500,2
1100,Broken Rock,Alvo,0.75,0.01,0.100,128,28.61,15.6000,1
1101,Broken Rock,Alvo,0.75,0.01,0.160,16,26.69,14.7381,3
1102,Broken Rock,Alvo,0.75,0.01,0.160,32,26.04,11.6328,2
1103,Broken Rock,Alvo,0.75,0.01,0.160,64,26.22,13.5909,4
1104,Broken Rock,Alvo,0.75,0.01,0.160,128,31.19,15.4478,1
1105,Broken Rock,Alvo,0.75,0.50,0.020,16,29.38,10.6800,145
1106,Broken Rock,Alvo,0.75,0.50,0.020,32,28.01,11.9936,22
1107,Broken Rock,Alvo,0.75,0.50,0.020,64,26.72,13.2674,5
1108,Broken Rock,Alvo,0.75,0.50,0.020,128,26.68,14.6667,3
1109,Broken Rock,Alvo,0.75,0.50,0.050,16,26.97,11.1161,16
1110,Broken Rock,Alvo,0.75,0.50,0.050,32,25.95,11.4182,6
1111,Broken Rock,Alvo,0.75,0.50,0.050,64,25.44,13.7121,2
1112,Broken Rock,Alvo,0.75,0.50,0.050,128,25.15,15.0500,2
1113,Broken Rock,Alvo,0.75,0.50,0.100,16,26.47,13.0417,3
1114,Broken Rock,Alvo,0.75,0.50,0.100,32,25.43,13.7121,5
1115,Broken Rock,Alvo,0.75,0.50,0.100,64,25.14,15.0500,2
1116,Broken Rock,Alvo,0.75,0.50,0.100,128,28.61,15.6000,1
1117,Broken Rock,Alvo,0.75,0.50,0.160,16,26.70,14.6667,3
1118,Broken Rock,Alvo,0.75,0.50,0.160,32,26.04,11.6328,5
1119,Broken Rock,Alvo,0.75,0.50,0.160,64,26.22,13.5909,1
1120,Broken Rock,Alvo,0.75,0.50,0.160,128,31.19,15.4478,1
1121,Broken Rock,Alvo,0.75,0.75,0.020,16,29.35,10.6800,301
1122,Broken Rock,Alvo,0.75,0.75,0.020,32,27.96,11.3804,40
1123,Broken Rock,Alvo,0.75,0.75,0.020,64,26.44,13.1512,7
1124,Broken Rock,Alvo,0.75,0.75,0.020,128,26.84,15.0581,3
1125,Broken Rock,Alvo,0.75,0.75,0.050,16,26.86,10.9646,28
1126,Broken Rock,Alvo,0.75,0.75,0.050,32,26.05,11.0175,4
1127,Broken Rock,Alvo,0.75,0.75,0.050,64,25.46,14.9394,5
1128,Broken Rock,Alvo,0.75,0.75,0.050,128,25.18,16.2400,2
1129,Broken Rock,Alvo,0.75,0.75,0.100,16,26.47,13.0417,4
1130,Broken Rock,Alvo,0.75,0.75,0.100,32,25.45,14.9394,2
1131,Broken Rock,Alvo,0.75,0.75,0.100,64,25.18,16.2400,2
1132,Broken Rock,Alvo,0.75,0.75,0.100,128,28.61,15.6000,4
1133,Broken Rock,Alvo,0.75,0.75,0.160,16,26.82,15.0581,3
1134,Broken Rock,Alvo,0.75,0.75,0.160,32,26.16,12.4531,3
1135,Broken Rock,Alvo,0.75,0.75,0.160,64,26.22,13.5909,1
1136,Broken Rock,Alvo,0.75,0.75,0.160,128,29.06,6.8970,1
1137,Broken Rock,Alvo,0.75,1.00,0.020,16,26.99,4.8080,666
1138,Broken Rock,Alvo,0.75,1.00,0.020,32,26.22,5.4337,73
1139,Broken Rock,Alvo,0.75,1.00,0.020,64,25.51,6.3539,13
1140,Broken Rock,Alvo,0.75,1.00,0.020,128,24.93,7.4924,9
1141,Broken Rock,Alvo,0.75,1.00,0.050,16,25.13,5.4534,48
1142,Broken Rock,Alvo,0.75,1.00,0.050,32,25.16,5.7931,8
1143,Broken Rock,Alvo,0.75,1.00,0.050,64,24.29,8.3495,3
1144,Broken Rock,Alvo,0.75,1.00,0.050,128,24.13,10.0709,3
1145,Broken Rock,Alvo,0.75,1.00,0.100,16,25.09,6.7400,7
1146,Broken Rock,Alvo,0.75,1.00,0.100,32,24.28,8.3173,7
1147,Broken Rock,Alvo,0.75,1.00,0.100,64,24.12,10.0709,3
1148,Broken Rock,Alvo,0.75,1.00,0.100,128,27.77,7.0909,2
1149,Broken Rock,Alvo,0.75,1.00,0.160,16,24.96,7.4924,4
1150,Broken Rock,Alvo,0.75,1.00,0.160,32,24.06,8.0290,3
1151,Broken Rock,Alvo,0.75,1.00,0.160,64,24.88,6.7899,1
1152,Broken Rock,Alvo,0.75,1.00,0.160,128,29.06,6.8970,5
1153,Broken Rock,Alvo,0.90,0.01,0.020,16,29.38,10.6800,155
1154,Broken Rock,Alvo,0.90,0.01,0.020,32,28.01,11.9936,31
1155,Broken Rock,Alvo,0.90,0.01,0.020,64,26.66,13.2674,5
1156,Broken Rock,Alvo,0.90,0.01,0.020,128,26.41,14.2976,6
1157,Broken Rock,Alvo,0.90,0.01,0.050,16,27.00,11.3182,18
1158,Broken Rock,Alvo,0.90,0.01,0.050,32,26.02,11.4182,3
1159,Broken Rock,Alvo,0.90,0.01,0.050,64,25.44,13.8485,2
1160,Broken Rock,Alvo,0.90,0.01,0.050,128,25.15,15.0500,2
1161,Broken Rock,Alvo,0.90,0.01,0.100,16,26.43,12.5200,3
1162,Broken Rock,Alvo,0.90,0.01,0.100,32,25.43,13.8485,2
1163,Broken Rock,Alvo,0.90,0.01,0.100,64,25.14,15.0500,2
1164,Broken Rock,Alvo,0.90,0.01,0.100,128,28.61,15.6000,1
1165,Broken Rock,Alvo,0.90,0.01,0.160,16,26.39,14.2976,3
1166,Broken Rock,Alvo,0.90,0.01,0.160,32,25.89,11.0703,2
1167,Broken Rock,Alvo,0.90,0.01,0.160,64,26.22,13.5909,4
1168,Broken Rock,Alvo,0.90,0.01,0.160,128,31.19,15.4478,1
1169,Broken Rock,Alvo,0.90,0.50,0.020,16,29.42,10.6800,232
1170,Broken Rock,Alvo,0.90,0.50,0.020,32,28.01,11.9936,24
1171,Broken Rock,Alvo,0.90,0.50,0.020,64,26.72,13.2674,6
1172,Broken Rock,Alvo,0.90,0.50,0.020,128,26.36,14.2976,14
1173,Broken Rock,Alvo,0.90,0.50,0.050,16,27.02,11.3182,19
1174,Broken Rock,Alvo,0.90,0.50,0.050,32,26.00,11.4182,15
1175,Broken Rock,Alvo,0.90,0.50,0.050,64,25.44,13.8485,2
1176,Broken Rock,Alvo,0.90,0.50,0.050,128,25.15,15.0500,2
1177,Broken Rock,Alvo,0.90,0.50,0.100,16,26.43,12.5200,4
1178,Broken Rock,Alvo,0.90,0.50,0.100,32,25.43,13.8485,7
1179,Broken Rock,Alvo,0.90,0.50,0.100,64,25.14,15.0500,3
1180,Broken Rock,Alvo,0.90,0.50,0.100,128,28.61,15.6000,1
1181,Broken Rock,Alvo,0.90,0.50,0.160,16,26.39,14.2976,3
1182,Broken Rock,Alvo,0.90,0.50,0.160,32,25.89,11.0703,6
1183,Broken Rock,Alvo,0.90,0.50,0.160,64,26.22,13.5909,1
1184,Broken Rock,Alvo,0.90,0.50,0.160,128,31.19,15.4478,1
1185,Broken Rock,Alvo,0.90,0.75,0.020,16,29.33,10.6800,335
1186,Broken Rock,Alvo,0.90,0.75,0.020,32,27.95,11.6667,49
1187,Broken Rock,Alvo,0.90,0.75,0.020,64,26.53,13.1744,7
1188,Broken Rock,Alvo,0.90,0.75,0.020,128,26.35,13.9651,5
1189,Broken Rock,Alvo,0.90,0.75,0.050,16,26.84,10.9646,30
1190,Broken Rock,Alvo,0.90,0.75,0.050,32,26.08,11.0175,5
1191,Broken Rock,Alvo,0.90,0.75,0.050,64,25.46,14.9394,6
1192,Broken Rock,Alvo,0.90,0.75,0.050,128,25.18,16.2400,3
1193,Broken Rock,Alvo,0.90,0.75,0.100,16,26.47,13.0417,5
1194,Broken Rock,Alvo,0.90,0.75,0.100,32,25.45,14.9394,2
1195,Broken Rock,Alvo,0.90,0.75,0.100,64,25.18,16.2400,3
1196,Broken Rock,Alvo,0.90,0.75,0.100,128,28.61,15.6000,2
1197,Broken Rock,Alvo,0.90,0.75,0.160,16,26.42,14.2976,4
1198,Broken Rock,Alvo,0.90,0.75,0.160,32,24.66,7.8308,3
1199,Broken Rock,Alvo,0.90,0.75,0.160,64,26.22,13.5909,1
1200,Broken Rock,Alvo,0.90,0.75,0.160,128,29.58,6.4727,2
1201,Broken Rock,Alvo,0.90,1.00,0.020,16,26.99,4.8080,613
1202,Broken Rock,Alvo,0.90,1.00,0.020,32,26.22,5.4337,71
1203,Broken Rock,Alvo,0.90,1.00,0.020,64,25.51,6.3539,13
1204,Broken Rock,Alvo,0.90,1.00,0.020,128,24.93,7.4924,8
1205,Broken Rock,Alvo,0.90,1.00,0.050,16,25.13,5.4534,40
1206,Broken Rock,Alvo,0.90,1.00,0.050,32,25.16,5.7931,7
1207,Broken Rock,Alvo,0.90,1.00,0.050,64,24.29,8.3495,3
1208,Broken Rock,Alvo,0.90,1.00,0.050,128,24.13,10.0709,2
1209,Broken Rock,Alvo,0.90,1.00,0.100,16,25.09,6.7400,7
1210,Broken Rock,Alvo,0.90,1.00,0.100,32,24.28,8.3173,5
1211,Broken Rock,Alvo,0.90,1.00,0.100,64,24.12,10.0709,3
1212,Broken Rock,Alvo,0.90,1.00,0.100,128,27.77,7.0909,2
1213,Broken Rock,Alvo,0.90,1.00,0.160,16,24.96,7.4924,4
1214,Broken Rock,Alvo,0.90,1.00,0.160,32,24.06,8.0290,3
1215,Broken Rock,Alvo,0.90,1.00,0.160,64,24.88,6.7899,1
1216,Broken Rock,Alvo,0.90,1.00,0.160,128,29.06,6.8970,5
1217,Broken Rock,Alvo,0.95,0.01,0.020,16,28.54,5.8899,399
1218,Broken Rock,Alvo,0.95,0.01,0.020,32,27.12,6.4371,44
1219,Broken Rock,Alvo,0.95,0.01,0.020,64,27.44,10.5214,7
1220,Broken Rock,Alvo,0.95,0.01,0.020,128,25.02,7.5682,3
1221,Broken Rock,Alvo,0.95,0.01,0.050,16,25.88,5.9023,34
1222,Broken Rock,Alvo,0.95,0.01,0.050,32,26.07,11.4182,5
1223,Broken Rock,Alvo,0.95,0.01,0.050,64,25.49,12.5541,6
1224,Broken Rock,Alvo,0.95,0.01,0.050,128,25.18,16.0700,2
1225,Broken Rock,Alvo,0.95,0.01,0.100,16,26.47,13.0417,5
1226,Broken Rock,Alvo,0.95,0.01,0.100,32,25.48,12.5541,2
1227,Broken Rock,Alvo,0.95,0.01,0.100,64,25.18,16.0700,2
1228,Broken Rock,Alvo,0.95,0.01,0.100,128,28.61,15.6000,5
1229,Broken Rock,Alvo,0.95,0.01,0.160,16,25.05,7.5682,3
1230,Broken Rock,Alvo,0.95,0.01,0.160,32,24.06,7.3429,2
1231,Broken Rock,Alvo,0.95,0.01,0.160,64,26.22,13.5909,1
1232,Broken Rock,Alvo,0.95,0.01,0.160,128,29.58,6.4727,1
1233,Broken Rock,Alvo,0.95,0.50,0.020,16,28.54,5.8899,399
1234,Broken Rock,Alvo,0.95,0.50,0.020,32,27.12,6.4371,50
1235,Broken Rock,Alvo,0.95,0.50,0.020,64,27.44,10.5214,7
1236,Broken Rock,Alvo,0.95,0.50,0.020,128,25.02,7.5682,8
1237,Broken Rock,Alvo,0.95,0.50,0.050,16,25.88,5.9023,37
1238,Broken Rock,Alvo,0.95,0.50,0.050,32,26.07,11.4182,5
1239,Broken Rock,Alvo,0.95,0.50,0.050,64,25.49,12.5541,2
1240,Broken Rock,Alvo,0.95,0.50,0.050,128,25.18,16.0700,2
1241,Broken Rock,Alvo,0.95,0.50,0.100,16,26.47,13.0417,4
1242,Broken Rock,Alvo,0.95,0.50,0.100,32,25.48,12.5541,5
1243,Broken Rock,Alvo,0.95,0.50,0.100,64,25.18,16.0700,2
1244,Broken Rock,Alvo,0.95,0.50,0.100,128,28.61,15.6000,2
1245,Broken Rock,Alvo,0.95,0.50,0.160,16,25.05,7.5682,3
1246,Broken Rock,Alvo,0.95,0.50,0.160,32,24.06,7.3429,2
1247,Broken Rock,Alvo,0.95,0.50,0.160,64,26.22,13.5909,1
1248,Broken Rock,Alvo,0.95,0.50,0.160,128,29.58,6.4727,5
1249,Broken Rock,Alvo,0.95,0.75,0.020,16,28.17,5.8626,434
1250,Broken Rock,Alvo,0.95,0.75,0.020,32,27.12,6.4371,52
1251,Broken Rock,Alvo,0.95,0.75,0.020,64,27.40,10.4786,7
1252,Broken Rock,Alvo,0.95,0.75,0.020,128,25.02,7.5682,3
1253,Broken Rock,Alvo,0.95,0.75,0.050,16,25.61,5.9163,38
1254,Broken Rock,Alvo,0.95,0.75,0.050,32,26.07,11.4182,5
1255,Broken Rock,Alvo,0.95,0.75,0.050,64,25.49,12.5541,6
1256,Broken Rock,Alvo,0.95,0.75,0.050,128,25.18,16.2400,2
1257,Broken Rock,Alvo,0.95,0.75,0.100,16,26.47,13.0417,5
1258,Broken Rock,Alvo,0.95,0.75,0.100,32,25.48,12.5541,6
1259,Broken Rock,Alvo,0.95,0.75,0.100,64,25.18,16.2400,2
1260,Broken Rock,Alvo,0.95,0.75,0.100,128,28.61,15.6000,1
1261,Broken Rock,Alvo,0.95,0.75,0.160,16,25.05,7.5682,4
1262,Broken Rock,Alvo,0.95,0.75,0.160,32,24.06,7.3429,2
1263,Broken Rock,Alvo,0.95,0.75,0.160,64,26.22,13.5909,1
1264,Broken Rock,Alvo,0.95,0.75,0.160,128,29.58,6.4727,8
1265,Broken Rock,Alvo,0.95,1.00,0.020,16,26.99,4.8080,650
1266,Broken Rock,Alvo,0.95,1.00,0.020,32,26.22,5.4337,69
1267,Broken Rock,Alvo,0.95,1.00,0.020,64,25.51,6.3539,14
1268,Broken Rock,Alvo,0.95,1.00,0.020,128,24.93,7.4924,5
1269,Broken Rock,Alvo,0.95,1.00,0.050,16,25.13,5.4534,46
1270,Broken Rock,Alvo,0.95,1.00,0.050,32,25.16,5.7931,16
1271,Broken Rock,Alvo,0.95,1.00,0.050,64,24.29,8.3495,3
1272,Broken Rock,Alvo,0.95,1.00,0.050,128,24.13,10.0709,2
1273,Broken Rock,Alvo,0.95,1.00,0.100,16,25.09,6.7400,7
1274,Broken Rock,Alvo,0.95,1.00,0.100,32,24.28,8.3173,2
1275,Broken Rock,Alvo,0.95,1.00,0.100,64,24.12,10.0709,12
1276,Broken Rock,Alvo,0.95,1.00,0.100,128,27.77,7.0909,2
1277,Broken Rock,Alvo,0.95,1.00,0.160,16,24.96,7.4924,4
1278,Broken Rock,Alvo,0.95,1.00,0.160,32,24.06,8.0290,3
1279,Broken Rock,Alvo,0.95,1.00,0.160,64,24.88,6.7899,1
1280,Broken Rock,Alvo,0.95,1.00,0.160,128,29.06,6.8970,2
1281,Maze,Alvo,0.50,0.01,0.020,16,33.66,12.3280,218
1282,Maze,Alvo,0.50,0.01,0.020,32,31.94,13.0000,44
1283,Maze,Alvo,0.50,0.01,0.020,64,30.12,13.6824,8
1284,Maze,Alvo,0.50,0.01,0.020,128,31.81,14.5636,3
1285,Maze,Alvo,0.50,0.01,0.050,16,30.67,12.7054,19
1286,Maze,Alvo,0.50,0.01,0.050,32,29.96,14.0423,11
1287,Maze,Alvo,0.50,0.01,0.050,64,30.93,14.9423,2
1288,Maze,Alvo,0.50,0.01,0.050,128,44.57,13.3571,1
1289,Maze,Alvo,0.50,0.01,0.100,16,30.36,14.0714,5
1290,Maze,Alvo,0.50,0.01,0.100,32,30.92,14.8824,2
1291,Maze,Alvo,0.50,0.01,0.100,64,44.56,13.3571,5
1292,Maze,Alvo,0.50,0.01,0.100,128,43.70,9.4839,1
1293,Maze,Alvo,0.50,0.01,0.160,16,31.77,14.5636,2
1294,Maze,Alvo,0.50,0.01,0.160,32,31.29,16.7609,2
1295,Maze,Alvo,0.50,0.01,0.160,64,39.98,6.8333,1
1296,Maze,Alvo,0.50,0.01,0.160,128,37.46,7.9405,1
1297,Maze,Alvo,0.50,0.50,0.020,16,33.66,12.3280,195
1298,Maze,Alvo,0.50,0.50,0.020,32,31.94,13.0000,31
1299,Maze,Alvo,0.50,0.50,0.020,64,30.11,13.6824,11
1300,Maze,Alvo,0.50,0.50,0.020,128,31.81,14.5636,3
1301,Maze,Alvo,0.50,0.50,0.050,16,30.67,12.7054,23
1302,Maze,Alvo,0.50,0.50,0.050,32,29.95,13.6575,5
1303,Maze,Alvo,0.50,0.50,0.050,64,30.93,14.9423,3
1304,Maze,Alvo,0.50,0.50,0.050,128,44.57,13.3571,1
1305,Maze,Alvo,0.50,0.50,0.100,16,30.20,13.4384,5
1306,Maze,Alvo,0.50,0.50,0.100,32,30.92,14.8824,3
1307,Maze,Alvo,0.50,0.50,0.100,64,44.56,13.3571,1
1308,Maze,Alvo,0.50,0.50,0.100,128,43.70,9.4839,1
1309,Maze,Alvo,0.50,0.50,0.160,16,31.77,14.5636,3
1310,Maze,Alvo,0.50,0.50,0.160,32,31.29,16.7609,2
1311,Maze,Alvo,0.50,0.50,0.160,64,39.98,6.8333,1
1312,Maze,Alvo,0.50,0.50,0.160,128,37.46,7.9405,1
1313,Maze,Alvo,0.50,0.75,0.020,16,33.65,12.1714,320
1314,Maze,Alvo,0.50,0.75,0.020,32,31.89,12.5818,45
1315,Maze,Alvo,0.50,0.75,0.020,64,30.06,13.0674,13
1316,Maze,Alvo,0.50,0.75,0.020,128,31.88,14.0000,3
1317,Maze,Alvo,0.50,0.75,0.050,16,30.66,12.3233,33
1318,Maze,Alvo,0.50,0.75,0.050,32,29.86,13.0658,6
1319,Maze,Alvo,0.50,0.75,0.050,64,30.87,14.9423,3
1320,Maze,Alvo,0.50,0.75,0.050,128,44.40,13.4286,1
1321,Maze,Alvo,0.50,0.75,0.100,16,29.90,12.9733,9
1322,Maze,Alvo,0.50,0.75,0.100,32,30.87,14.8824,3
1323,Maze,Alvo,0.50,0.75,0.100,64,44.39,13.4286,1
1324,Maze,Alvo,0.50,0.75,0.100,128,42.78,4.0385,1
1325,Maze,Alvo,0.50,0.75,0.160,16,31.84,14.0000,3
1326,Maze,Alvo,0.50,0.75,0.160,32,31.29,16.7609,2
1327,Maze,Alvo,0.50,0.75,0.160,64,39.98,6.8333,1
1328,Maze,Alvo,0.50,0.75,0.160,128,36.68,8.4937,4
1329,Maze,Alvo,0.50,1.00,0.020,16,31.61,5.0974,1167
1330,Maze,Alvo,0.50,1.00,0.020,32,31.25,7.1268,160
1331,Maze,Alvo,0.50,1.00,0.020,64,29.42,5.9031,34
1332,Maze,Alvo,0.50,1.00,0.020,128,31.45,7.5524,9
1333,Maze,Alvo,0.50,1.00,0.050,16,30.18,5.8602,104
1334,Maze,Alvo,0.50,1.00,0.050,32,29.48,6.2930,38
1335,Maze,Alvo,0.50,1.00,0.050,64,30.74,9.1071,6
1336,Maze,Alvo,0.50,1.00,0.050,128,42.42,6.4237,2
1337,Maze,Alvo,0.50,1.00,0.100,16,29.51,7.3759,22
1338,Maze,Alvo,0.50,1.00,0.100,32,30.73,9.0120,6
1339,Maze,Alvo,0.50,1.00,0.100,64,42.41,6.4237,2
1340,Maze,Alvo,0.50,1.00,0.100,128,39.98,5.6301,2
1341,Maze,Alvo,0.50,1.00,0.160,16,31.41,7.6154,8
1342,Maze,Alvo,0.50,1.00,0.160,32,30.08,8.8718,6
1343,Maze,Alvo,0.50,1.00,0.160,64,39.49,3.4848,2
1344,Maze,Alvo,0.50,1.00,0.160,128,36.68,8.4937,2
1345,Maze,Alvo,0.75,0.01,0.020,16,33.66,12.3280,194
1346,Maze,Alvo,0.75,0.01,0.020,32,31.94,13.0000,33
1347,Maze,Alvo,0.75,0.01,0.020,64,30.12,13.6824,8
1348,Maze,Alvo,0.75,0.01,0.020,128,31.81,14.5636,6
1349,Maze,Alvo,0.75,0.01,0.050,16,30.67,12.7054,19
1350,Maze,Alvo,0.75,0.01,0.050,32,29.96,14.0423,9
1351,Maze,Alvo,0.75,0.01,0.050,64,30.93,14.9423,2
1352,Maze,Alvo,0.75,0.01,0.050,128,44.57,13.3571,1
1353,Maze,Alvo,0.75,0.01,0.100,16,30.36,14.0714,5
1354,Maze,Alvo,0.75,0.01,0.100,32,30.92,14.8824,2
1355,Maze,Alvo,0.75,0.01,0.100,64,44.56,13.3571,4
1356,Maze,Alvo,0.75,0.01,0.100,128,43.70,9.4839,1
1357,Maze,Alvo,0.75,0.01,0.160,16,31.77,14.5636,3
1358,Maze,Alvo,0.75,0.01,0.160,32,31.29,16.7609,2
1359,Maze,Alvo,0.75,0.01,0.160,64,39.98,6.8333,1
1360,Maze,Alvo,0.75,0.01,0.160,128,37.46,7.9405,1
1361,Maze,Alvo,0.75,0.50,0.020,16,33.66,12.3280,179
1362,Maze,Alvo,0.75,0.50,0.020,32,31.94,13.0000,48
1363,Maze,Alvo,0.75,0.50,0.020,64,30.11,13.6824,9
1364,Maze,Alvo,0.75,0.50,0.020,128,31.81,14.5636,3
1365,Maze,Alvo,0.75,0.50,0.050,16,30.67,12.7054,23
1366,Maze,Alvo,0.75,0.50,0.050,32,29.95,13.6575,5
1367,Maze,Alvo,0.75,0.50,0.050,64,30.93,14.9423,7
1368,Maze,Alvo,0.75,0.50,0.050,128,44.57,13.3571,1
1369,Maze,Alvo,0.75,0.50,0.100,16,30.20,13.4384,5
1370,Maze,Alvo,0.75,0.50,0.100,32,30.92,14.8824,2
1371,Maze,Alvo,0.75,0.50,0.100,64,44.56,13.3571,1
1372,Maze,Alvo,0.75,0.50,0.100,128,43.70,9.4839,4
1373,Maze,Alvo,0.75,0.50,0.160,16,31.77,14.5636,3
1374,Maze,Alvo,0.75,0.50,0.160,32,31.29,16.7609,2
1375,Maze,Alvo,0.75,0.50,0.160,64,39.98,6.8333,1
1376,Maze,Alvo,0.75,0.50,0.160,128,37.46,7.9405,1
1377,Maze,Alvo,0.75,0.75,0.020,16,33.65,12.1714,313
1378,Maze,Alvo,0.75,0.75,0.020,32,31.89,12.5818,49
1379,Maze,Alvo,0.75,0.75,0.020,64,30.06,13.0674,30
1380,Maze,Alvo,0.75,0.75,0.020,128,31.88,14.0000,3
1381,Maze,Alvo,0.75,0.75,0.050,16,30.66,12.3233,49
1382,Maze,Alvo,0.75,0.75,0.050,32,29.86,13.0658,9
1383,Maze,Alvo,0.75,0.75,0.050,64,30.87,14.9423,3
1384,Maze,Alvo,0.75,0.75,0.050,128,44.40,13.4286,2
1385,Maze,Alvo,0.75,0.75,0.100,16,29.90,12.9733,20
1386,Maze,Alvo,0.75,0.75,0.100,32,30.87,14.8824,3
1387,Maze,Alvo,0.75,0.75,0.100,64,44.39,13.4286,2
1388,Maze,Alvo,0.75,0.75,0.100,128,42.78,4.0385,1
1389,Maze,Alvo,0.75,0.75,0.160,16,31.84,14.0000,3
1390,Maze,Alvo,0.75,0.75,0.160,32,31.29,16.7609,2
1391,Maze,Alvo,0.75,0.75,0.160,64,39.98,6.8333,1
1392,Maze,Alvo,0.75,0.75,0.160,128,36.68,8.4937,4
1393,Maze,Alvo,0.75,1.00,0.020,16,31.61,5.0974,1177
1394,Maze,Alvo,0.75,1.00,0.020,32,31.25,7.1268,162
1395,Maze,Alvo,0.75,1.00,0.020,64,29.42,5.9031,35
1396,Maze,Alvo,0.75,1.00,0.020,128,31.45,7.5524,8
1397,Maze,Alvo,0.75,1.00,0.050,16,30.18,5.8602,91
1398,Maze,Alvo,0.75,1.00,0.050,32,29.48,6.2930,25
1399,Maze,Alvo,0.75,1.00,0.050,64,30.74,9.1071,6
1400,Maze,Alvo,0.75,1.00,0.050,128,42.42,6.4237,2
1401,Maze,Alvo,0.75,1.00,0.100,16,29.51,7.3759,22
1402,Maze,Alvo,0.75,1.00,0.100,32,30.73,9.0120,6
1403,Maze,Alvo,0.75,1.00,0.100,64,42.41,6.4237,2
1404,Maze,Alvo,0.75,1.00,0.100,128,39.98,5.6301,3
1405,Maze,Alvo,0.75,1.00,0.160,16,31.41,7.6154,7
1406,Maze,Alvo,0.75,1.00,0.160,32,30.08,8.8718,6
1407,Maze,Alvo,0.75,1.00,0.160,64,39.49,3.4848,3
1408,Maze,Alvo,0.75,1.00,0.160,128,36.68,8.4937,2
1409,Maze,Alvo,0.90,0.01,0.020,16,33.66,12.3280,208
1410,Maze,Alvo,0.90,0.01,0.020,32,31.94,13.0000,34
1411,Maze,Alvo,0.90,0.01,0.020,64,30.12,13.6824,8
1412,Maze,Alvo,0.90,0.01,0.020,128,31.81,14.5636,6
1413,Maze,Alvo,0.90,0.01,0.050,16,30.67,12.7054,21
1414,Maze,Alvo,0.90,0.01,0.050,32,29.96,14.0423,5
1415,Maze,Alvo,0.90,0.01,0.050,64,30.93,14.9423,3
1416,Maze,Alvo,0.90,0.01,0.050,128,44.57,13.3571,1
1417,Maze,Alvo,0.90,0.01,0.100,16,29.95,13.5972,5
1418,Maze,Alvo,0.90,0.01,0.100,32,30.92,14.8824,2
1419,Maze,Alvo,0.90,0.01,0.100,64,44.56,13.3571,6
1420,Maze,Alvo,0.90,0.01,0.100,128,43.70,9.4839,1
1421,Maze,Alvo,0.90,0.01,0.160,16,31.77,14.5636,3
1422,Maze,Alvo,0.90,0.01,0.160,32,31.29,16.7609,2
1423,Maze,Alvo,0.90,0.01,0.160,64,39.98,6.8333,1
1424,Maze,Alvo,0.90,0.01,0.160,128,36.68,8.4937,1
1425,Maze,Alvo,0.90,0.50,0.020,16,33.63,12.2492,204
1426,Maze,Alvo,0.90,0.50,0.020,32,31.94,13.0000,34
1427,Maze,Alvo,0.90,0.50,0.020,64,30.11,13.6824,14
1428,Maze,Alvo,0.90,0.50,0.020,128,31.81,14.5636,3
1429,Maze,Alvo,0.90,0.50,0.050,16,30.67,12.7054,20
1430,Maze,Alvo,0.90,0.50,0.050,32,29.96,14.0423,6
1431,Maze,Alvo,0.90,0.50,0.050,64,30.93,14.9423,3
1432,Maze,Alvo,0.90,0.50,0.050,128,44.57,13.3571,1
1433,Maze,Alvo,0.90,0.50,0.100,16,29.95,13.5972,7
1434,Maze,Alvo,0.90,0.50,0.100,32,30.92,14.8824,2
1435,Maze,Alvo,0.90,0.50,0.100,64,44.56,13.3571,4
1436,Maze,Alvo,0.90,0.50,0.100,128,43.70,9.4839,1
1437,Maze,Alvo,0.90,0.50,0.160,16,31.77,14.5636,3
1438,Maze,Alvo,0.90,0.50,0.160,32,31.29,16.7609,2
1439,Maze,Alvo,0.90,0.50,0.160,64,39.98,6.8333,1
1440,Maze,Alvo,0.90,0.50,0.160,128,36.68,8.4937,1
1441,Maze,Alvo,0.90,0.75,0.020,16,33.65,12.2492,317
1442,Maze,Alvo,0.90,0.75,0.020,32,31.89,12.5818,49
1443,Maze,Alvo,0.90,0.75,0.020,64,30.08,13.0674,10
1444,Maze,Alvo,0.90,0.75,0.020,128,31.94,14.5636,3
1445,Maze,Alvo,0.90,0.75,0.050,16,30.65,12.3233,27
1446,Maze,Alvo,0.90,0.75,0.050,32,29.86,13.0658,10
1447,Maze,Alvo,0.90,0.75,0.050,64,30.87,14.9423,3
1448,Maze,Alvo,0.90,0.75,0.050,128,44.40,13.4286,2
1449,Maze,Alvo,0.90,0.75,0.100,16,29.83,12.9733,6
1450,Maze,Alvo,0.90,0.75,0.100,32,30.87,14.8824,3
1451,Maze,Alvo,0.90,0.75,0.100,64,44.39,13.4286,1
1452,Maze,Alvo,0.90,0.75,0.100,128,42.78,4.0385,6
1453,Maze,Alvo,0.90,0.75,0.160,16,31.90,14.5636,3
1454,Maze,Alvo,0.90,0.75,0.160,32,31.29,16.7609,2
1455,Maze,Alvo,0.90,0.75,0.160,64,39.98,6.8333,1
1456,Maze,Alvo,0.90,0.75,0.160,128,36.68,8.4937,1
1457,Maze,Alvo,0.90,1.00,0.020,16,31.61,5.0974,1186
1458,Maze,Alvo,0.90,1.00,0.020,32,31.25,7.1268,160
1459,Maze,Alvo,0.90,1.00,0.020,64,29.42,5.9031,29
1460,Maze,Alvo,0.90,1.00,0.020,128,31.45,7.5524,15
1461,Maze,Alvo,0.90,1.00,0.050,16,30.18,5.8602,91
1462,Maze,Alvo,0.90,1.00,0.050,32,29.48,6.2930,18
1463,Maze,Alvo,0.90,1.00,0.050,64,30.74,9.1071,6
1464,Maze,Alvo,0.90,1.00,0.050,128,42.42,6.4237,7
1465,Maze,Alvo,0.90,1.00,0.100,16,29.51,7.3759,18
1466,Maze,Alvo,0.90,1.00,0.100,32,30.73,9.0120,6
1467,Maze,Alvo,0.90,1.00,0.100,64,42.41,6.4237,2
1468,Maze,Alvo,0.90,1.00,0.100,128,39.98,5.6301,6
1469,Maze,Alvo,0.90,1.00,0.160,16,31.41,7.6154,8
1470,Maze,Alvo,0.90,1.00,0.160,32,30.08,8.8718,3
1471,Maze,Alvo,0.90,1.00,0.160,64,39.49,3.4848,2
1472,Maze,Alvo,0.90,1.00,0.160,128,36.68,8.4937,2
1473,Maze,Alvo,0.95,0.01,0.020,16,33.64,12.2492,379
1474,Maze,Alvo,0.95,0.01,0.020,32,31.94,13.0000,59
1475,Maze,Alvo,0.95,0.01,0.020,64,30.30,8.7333,12
1476,Maze,Alvo,0.95,0.01,0.020,128,31.61,13.9298,3
1477,Maze,Alvo,0.95,0.01,0.050,16,30.38,10.4808,36
1478,Maze,Alvo,0.95,0.01,0.050,32,29.96,14.0423,8
1479,Maze,Alvo,0.95,0.01,0.050,64,30.82,14.3889,3
1480,Maze,Alvo,0.95,0.01,0.050,128,41.58,6.9167,2
1481,Maze,Alvo,0.95,0.01,0.100,16,29.82,12.9200,8
1482,Maze,Alvo,0.95,0.01,0.100,32,30.81,14.3208,3
1483,Maze,Alvo,0.95,0.01,0.100,64,41.58,6.9167,2
1484,Maze,Alvo,0.95,0.01,0.100,128,40.51,4.9487,1
1485,Maze,Alvo,0.95,0.01,0.160,16,31.58,13.9298,6
1486,Maze,Alvo,0.95,0.01,0.160,32,31.15,15.6327,2
1487,Maze,Alvo,0.95,0.01,0.160,64,39.49,3.6250,1
1488,Maze,Alvo,0.95,0.01,0.160,128,36.68,8.4937,1
1489,Maze,Alvo,0.95,0.50,0.020,16,33.64,12.2492,396
1490,Maze,Alvo,0.95,0.50,0.020,32,31.94,13.0000,60
1491,Maze,Alvo,0.95,0.50,0.020,64,30.30,8.7333,11
1492,Maze,Alvo,0.95,0.50,0.020,128,31.61,13.9298,4
1493,Maze,Alvo,0.95,0.50,0.050,16,30.38,10.4808,34
1494,Maze,Alvo,0.95,0.50,0.050,32,29.96,14.0423,16
1495,Maze,Alvo,0.95,0.50,0.050,64,30.82,14.3889,3
1496,Maze,Alvo,0.95,0.50,0.050,128,41.58,6.9167,2
1497,Maze,Alvo,0.95,0.50,0.100,16,29.82,12.9200,7
1498,Maze,Alvo,0.95,0.50,0.100,32,30.81,14.3208,3
1499,Maze,Alvo,0.95,0.50,0.100,64,41.58,6.9167,5
1500,Maze,Alvo,0.95,0.50,0.100,128,40.51,4.9487,1
1501,Maze,Alvo,0.95,0.50,0.160,16,31.58,13.9298,3
1502,Maze,Alvo,0.95,0.50,0.160,32,31.15,15.6327,2
1503,Maze,Alvo,0.95,0.50,0.160,64,39.49,3.6250,1
1504,Maze,Alvo,0.95,0.50,0.160,128,36.68,8.4937,1
1505,Maze,Alvo,0.95,0.75,0.020,16,33.64,12.2492,443
1506,Maze,Alvo,0.95,0.75,0.020,32,31.94,13.0000,66
1507,Maze,Alvo,0.95,0.75,0.020,64,30.30,8.7333,12
1508,Maze,Alvo,0.95,0.75,0.020,128,31.61,13.9298,4
1509,Maze,Alvo,0.95,0.75,0.050,16,30.38,10.4808,36
1510,Maze,Alvo,0.95,0.75,0.050,32,29.96,14.0423,9
1511,Maze,Alvo,0.95,0.75,0.050,64,30.82,14.3889,4
1512,Maze,Alvo,0.95,0.75,0.050,128,41.58,6.9167,5
1513,Maze,Alvo,0.95,0.75,0.100,16,29.82,12.9200,8
1514,Maze,Alvo,0.95,0.75,0.100,32,30.81,14.3208,3
1515,Maze,Alvo,0.95,0.75,0.100,64,41.58,6.9167,2
1516,Maze,Alvo,0.95,0.75,0.100,128,40.51,4.9487,1
1517,Maze,Alvo,0.95,0.75,0.160,16,31.58,13.9298,3
1518,Maze,Alvo,0.95,0.75,0.160,32,31.15,15.6327,5
1519,Maze,Alvo,0.95,0.75,0.160,64,39.49,3.6250,1
1520,Maze,Alvo,0.95,0.75,0.160,128,36.68,8.4937,1
1521,Maze,Alvo,0.95,1.00,0.020,16,31.61,5.0974,1169
1522,Maze,Alvo,0.95,1.00,0.020,32,31.25,7.1268,157
1523,Maze,Alvo,0.95,1.00,0.020,64,29.42,5.9031,34
1524,Maze,Alvo,0.95,1.00,0.020,128,31.45,7.5524,8
1525,Maze,Alvo,0.95,1.00,0.050,16,30.18,5.8602,93
1526,Maze,Alvo,0.95,1.00,0.050,32,29.48,6.2930,26
1527,Maze,Alvo,0.95,1.00,0.050,64,30.74,9.1071,7
1528,Maze,Alvo,0.95,1.00,0.050,128,42.42,6.4237,2
1529,Maze,Alvo,0.95,1.00,0.100,16,29.51,7.3759,25
1530,Maze,Alvo,0.95,1.00,0.100,32,30.73,9.0120,6
1531,Maze,Alvo,0.95,1.00,0.100,64,42.41,6.4237,2
1532,Maze,Alvo,0.95,1.00,0.100,128,39.98,5.6301,3
1533,Maze,Alvo,0.95,1.00,0.160,16,31.41,7.6154,9
1534,Maze,Alvo,0.95,1.00,0.160,32,30.08,8.8718,9
1535,Maze,Alvo,0.95,1.00,0.160,64,39.49,3.4848,3
1536,Maze,Alvo,0.95,1.00,0.160,128,36.68,8.4937,2
1537,Lonely Tree,Centro,0.50,0.01,0.020,16,22.07,10.3879,88
1538,Lonely Tree,Centro,0.50,0.01,0.020,32,20.84,11.1770,19
1539,Lonely Tree,Centro,0.50,0.01,0.020,64,20.15,12.6471,4
1540,Lonely Tree,Centro,0.50,0.01,0.020,128,19.68,13.0741,1
1541,Lonely Tree,Centro,0.50,0.01,0.050,16,21.40,11.6163,14
1542,Lonely Tree,Centro,0.50,0.01,0.050,32,19.71,11.1489,2
1543,Lonely Tree,Centro,0.50,0.01,0.050,64,19.44,11.5600,1
1544,Lonely Tree,Centro,0.50,0.01,0.050,128,19.46,13.5714,0
1545,Lonely Tree,Centro,0.50,0.01,0.100,16,19.78,11.1915,2
1546,Lonely Tree,Centro,0.50,0.01,0.100,32,19.43,11.5600,0
1547,Lonely Tree,Centro,0.50,0.01,0.100,64,19.45,13.5714,0
1548,Lonely Tree,Centro,0.50,0.01,0.100,128,19.33,14.7500,0
1549,Lonely Tree,Centro,0.50,0.01,0.160,16,19.65,13.0741,1
1550,Lonely Tree,Centro,0.50,0.01,0.160,32,19.89,14.2857,0
1551,Lonely Tree,Centro,0.50,0.01,0.160,64,23.50,13.4000,0
1552,Lonely Tree,Centro,0.50,0.01,0.160,128,19.50,14.6250,0
1553,Lonely Tree,Centro,0.50,0.50,0.020,16,22.07,10.3879,78
1554,Lonely Tree,Centro,0.50,0.50,0.020,32,20.84,11.1770,15
1555,Lonely Tree,Centro,0.50,0.50,0.020,64,20.15,12.6471,4
1556,Lonely Tree,Centro,0.50,0.50,0.020,128,19.68,13.0741,1
1557,Lonely Tree,Centro,0.50,0.50,0.050,16,21.40,11.6163,16
1558,Lonely Tree,Centro,0.50,0.50,0.050,32,19.71,11.1489,2
1559,Lonely Tree,Centro,0.50,0.50,0.050,64,19.44,11.5600,1
1560,Lonely Tree,Centro,0.50,0.50,0.050,128,19.46,13.5714,0
1561,Lonely Tree,Centro,0.50,0.50,0.100,16,19.78,11.1915,2
1562,Lonely Tree,Centro,0.50,0.50,0.100,32,19.43,11.5600,1
1563,Lonely Tree,Centro,0.50,0.50,0.100,64,19.45,13.5714,0
1564,Lonely Tree,Centro,0.50,0.50,0.100,128,19.33,14.7500,0
1565,Lonely Tree,Centro,0.50,0.50,0.160,16,19.65,13.0741,4
1566,Lonely Tree,Centro,0.50,0.50,0.160,32,20.00,12.3750,0
1567,Lonely Tree,Centro,0.50,0.50,0.160,64,23.50,13.4000,0
1568,Lonely Tree,Centro,0.50,0.50,0.160,128,19.50,14.6250,0
1569,Lonely Tree,Centro,0.50,0.75,0.020,16,22.06,10.2992,95
1570,Lonely Tree,Centro,0.50,0.75,0.020,32,20.75,10.3884,20
1571,Lonely Tree,Centro,0.50,0.75,0.020,64,20.14,12.1698,4
1572,Lonely Tree,Centro,0.50,0.75,0.020,128,19.60,10.6970,1
1573,Lonely Tree,Centro,0.50,0.75,0.050,16,21.37,10.8152,17
1574,Lonely Tree,Centro,0.50,0.75,0.050,32,19.59,10.2745,6
1575,Lonely Tree,Centro,0.50,0.75,0.050,64,19.30,9.9310,1
1576,Lonely Tree,Centro,0.50,0.75,0.050,128,19.35,13.2857,0
1577,Lonely Tree,Centro,0.50,0.75,0.100,16,19.71,10.7347,2
1578,Lonely Tree,Centro,0.50,0.75,0.100,32,19.29,9.8966,0
1579,Lonely Tree,Centro,0.50,0.75,0.100,64,19.35,13.2857,0
1580,Lonely Tree,Centro,0.50,0.75,0.100,128,19.33,14.7500,0
1581,Lonely Tree,Centro,0.50,0.75,0.160,16,19.71,12.1724,1
1582,Lonely Tree,Centro,0.50,0.75,0.160,32,19.95,12.1250,0
1583,Lonely Tree,Centro,0.50,0.75,0.160,64,23.50,12.0000,0
1584,Lonely Tree,Centro,0.50,0.75,0.160,128,19.50,14.6250,0
1585,Lonely Tree,Centro,0.50,1.00,0.020,16,20.79,3.2419,372
1586,Lonely Tree,Centro,0.50,1.00,0.020,32,19.57,3.8052,48
1587,Lonely Tree,Centro,0.50,1.00,0.020,64,19.09,5.1667,16
1588,Lonely Tree,Centro,0.50,1.00,0.020,128,19.09,8.2683,1
1589,Lonely Tree,Centro,0.50,1.00,0.050,16,19.71,3.4323,36
1590,Lonely Tree,Centro,0.50,1.00,0.050,32,19.08,5.7303,5
1591,Lonely Tree,Centro,0.50,1.00,0.050,64,18.97,7.9143,1
1592,Lonely Tree,Centro,0.50,1.00,0.050,128,19.02,13.1429,0
1593,Lonely Tree,Centro,0.50,1.00,0.100,16,19.07,5.4362,5
1594,Lonely Tree,Centro,0.50,1.00,0.100,32,18.89,7.2973,1
1595,Lonely Tree,Centro,0.50,1.00,0.100,64,19.02,13.1429,0
1596,Lonely Tree,Centro,0.50,1.00,0.100,128,19.33,14.7500,0
1597,Lonely Tree,Centro,0.50,1.00,0.160,16,19.07,7.8837,4
1598,Lonely Tree,Centro,0.50,1.00,0.160,32,19.74,12.0000,0
1599,Lonely Tree,Centro,0.50,1.00,0.160,64,23.50,11.9091,0
1600,Lonely Tree,Centro,0.50,1.00,0.160,128,19.50,14.6250,0
1601,Lonely Tree,Centro,0.75,0.01,0.020,16,22.07,10.3879,76
1602,Lonely Tree,Centro,0.75,0.01,0.020,32,20.84,11.1770,16
1603,Lonely Tree,Centro,0.75,0.01,0.020,64,20.15,12.6471,4
1604,Lonely Tree,Centro,0.75,0.01,0.020,128,19.68,13.0741,1
1605,Lonely Tree,Centro,0.75,0.01,0.050,16,21.40,11.6163,11
1606,Lonely Tree,Centro,0.75,0.01,0.050,32,19.71,11.1489,7
1607,Lonely Tree,Centro,0.75,0.01,0.050,64,19.44,11.5600,1
1608,Lonely Tree,Centro,0.75,0.01,0.050,128,19.46,13.5714,0
1609,Lonely Tree,Centro,0.75,0.01,0.100,16,19.78,11.1915,2
1610,Lonely Tree,Centro,0.75,0.01,0.100,32,19.43,11.5600,0
1611,Lonely Tree,Centro,0.75,0.01,0.100,64,19.45,13.5714,0
1612,Lonely Tree,Centro,0.75,0.01,0.100,128,19.33,14.7500,0
1613,Lonely Tree,Centro,0.75,0.01,0.160,16,19.65,13.0741,1
1614,Lonely Tree,Centro,0.75,0.01,0.160,32,19.89,14.2857,0
1615,Lonely Tree,Centro,0.75,0.01,0.160,64,23.50,13.4000,0
1616,Lonely Tree,Centro,0.75,0.01,0.160,128,19.50,14.6250,0
1617,Lonely Tree,Centro,0.75,0.50,0.020,16,22.07,10.3879,81
1618,Lonely Tree,Centro,0.75,0.50,0.020,32,20.84,11.1770,15
1619,Lonely Tree,Centro,0.75,0.50,0.020,64,20.15,12.6471,13
1620,Lonely Tree,Centro,0.75,0.50,0.020,128,19.68,13.0741,1
1621,Lonely Tree,Centro,0.75,0.50,0.050,16,21.40,11.6163,17
1622,Lonely Tree,Centro,0.75,0.50,0.050,32,19.71,11.1489,2
1623,Lonely Tree,Centro,0.75,0.50,0.050,64,19.44,11.5600,0
1624,Lonely Tree,Centro,0.75,0.50,0.050,128,19.46,13.5714,0
1625,Lonely Tree,Centro,0.75,0.50,0.100,16,19.78,11.1915,2
1626,Lonely Tree,Centro,0.75,0.50,0.100,32,19.43,11.5600,1
1627,Lonely Tree,Centro,0.75,0.50,0.100,64,19.45,13.5714,0
1628,Lonely Tree,Centro,0.75,0.50,0.100,128,19.33,14.7500,3
1629,Lonely Tree,Centro,0.75,0.50,0.160,16,19.65,13.0741,1
1630,Lonely Tree,Centro,0.75,0.50,0.160,32,20.00,12.3750,0
1631,Lonely Tree,Centro,0.75,0.50,0.160,64,23.50,13.4000,0
1632,Lonely Tree,Centro,0.75,0.50,0.160,128,19.50,14.6250,0
1633,Lonely Tree,Centro,0.75,0.75,0.020,16,22.06,10.2992,98
1634,Lonely Tree,Centro,0.75,0.75,0.020,32,20.75,10.3884,21
1635,Lonely Tree,Centro,0.75,0.75,0.020,64,20.14,12.1698,11
1636,Lonely Tree,Centro,0.75,0.75,0.020,128,19.60,10.6970,1
1637,Lonely Tree,Centro,0.75,0.75,0.050,16,21.37,10.8152,22
1638,Lonely Tree,Centro,0.75,0.75,0.050,32,19.59,10.2745,3
1639,Lonely Tree,Centro,0.75,0.75,0.050,64,19.30,9.9310,1
1640,Lonely Tree,Centro,0.75,0.75,0.050,128,19.35,13.2857,0
1641,Lonely Tree,Centro,0.75,0.75,0.100,16,19.71,10.7347,2
1642,Lonely Tree,Centro,0.75,0.75,0.100,32,19.29,9.8966,0
1643,Lonely Tree,Centro,0.75,0.75,0.100,64,19.35,13.2857,0
1644,Lonely Tree,Centro,0.75,0.75,0.100,128,19.33,14.7500,0
1645,Lonely Tree,Centro,0.75,0.75,0.160,16,19.71,12.1724,1
1646,Lonely Tree,Centro,0.75,0.75,0.160,32,19.95,12.1250,0
1647,Lonely Tree,Centro,0.75,0.75,0.160,64,23.50,12.0000,0
1648,Lonely Tree,Centro,0.75,0.75,0.160,128,19.50,14.6250,0
1649,Lonely Tree,Centro,0.75,1.00,0.020,16,20.79,3.2419,387
1650,Lonely Tree,Centro,0.75,1.00,0.020,32,19.57,3.8052,48
1651,Lonely Tree,Centro,0.75,1.00,0.020,64,19.09,5.1667,13
1652,Lonely Tree,Centro,0.75,1.00,0.020,128,19.09,8.2683,1
1653,Lonely Tree,Centro,0.75,1.00,0.050,16,19.71,3.4323,36
1654,Lonely Tree,Centro,0.75,1.00,0.050,32,19.08,5.7303,5
1655,Lonely Tree,Centro,0.75,1.00,0.050,64,18.97,7.9143,1
1656,Lonely Tree,Centro,0.75,1.00,0.050,128,19.02,13.1429,0
1657,Lonely Tree,Centro,0.75,1.00,0.100,16,19.07,5.4362,4
1658,Lonely Tree,Centro,0.75,1.00,0.100,32,18.89,7.2973,1
1659,Lonely Tree,Centro,0.75,1.00,0.100,64,19.02,13.1429,0
1660,Lonely Tree,Centro,0.75,1.00,0.100,128,19.33,14.7500,0
1661,Lonely Tree,Centro,0.75,1.00,0.160,16,19.07,7.8837,1
1662,Lonely Tree,Centro,0.75,1.00,0.160,32,19.74,12.0000,0
1663,Lonely Tree,Centro,0.75,1.00,0.160,64,23.50,11.9091,0
1664,Lonely Tree,Centro,0.75,1.00,0.160,128,19.50,14.6250,0
1665,Lonely Tree,Centro,0.90,0.01,0.020,16,22.07,10.3879,78
1666,Lonely Tree,Centro,0.90,0.01,0.020,32,20.84,11.1770,16
1667,Lonely Tree,Centro,0.90,0.01,0.020,64,20.15,12.6471,4
1668,Lonely Tree,Centro,0.90,0.01,0.020,128,19.68,13.0741,1
1669,Lonely Tree,Centro,0.90,0.01,0.050,16,21.30,11.4368,11
1670,Lonely Tree,Centro,0.90,0.01,0.050,32,19.71,11.1489,2
1671,Lonely Tree,Centro,0.90,0.01,0.050,64,19.44,11.5600,1
1672,Lonely Tree,Centro,0.90,0.01,0.050,128,19.46,13.5714,0
1673,Lonely Tree,Centro,0.90,0.01,0.100,16,19.78,11.1915,2
1674,Lonely Tree,Centro,0.90,0.01,0.100,32,19.43,11.5600,4
1675,Lonely Tree,Centro,0.90,0.01,0.100,64,19.45,13.5714,0
1676,Lonely Tree,Centro,0.90,0.01,0.100,128,19.33,14.7500,0
1677,Lonely Tree,Centro,0.90,0.01,0.160,16,19.65,13.0741,1
1678,Lonely Tree,Centro,0.90,0.01,0.160,32,19.89,14.2857,0
1679,Lonely Tree,Centro,0.90,0.01,0.160,64,23.50,13.4000,0
1680,Lonely Tree,Centro,0.90,0.01,0.160,128,19.50,14.6250,0
1681,Lonely Tree,Centro,0.90,0.50,0.020,16,22.07,10.3879,78
1682,Lonely Tree,Centro,0.90,0.50,0.020,32,20.84,11.1770,16
1683,Lonely Tree,Centro,0.90,0.50,0.020,64,20.15,12.6471,4
1684,Lonely Tree,Centro,0.90,0.50,0.020,128,19.68,13.0741,4
1685,Lonely Tree,Centro,0.90,0.50,0.050,16,21.30,11.4368,11
1686,Lonely Tree,Centro,0.90,0.50,0.050,32,19.71,11.1489,3
1687,Lonely Tree,Centro,0.90,0.50,0.050,64,19.44,11.5600,0
1688,Lonely Tree,Centro,0.90,0.50,0.050,128,19.46,13.5714,0
1689,Lonely Tree,Centro,0.90,0.50,0.100,16,19.78,11.1915,2
1690,Lonely Tree,Centro,0.90,0.50,0.100,32,19.43,11.5600,0
1691,Lonely Tree,Centro,0.90,0.50,0.100,64,19.45,13.5714,0
1692,Lonely Tree,Centro,0.90,0.50,0.100,128,19.33,14.7500,0
1693,Lonely Tree,Centro,0.90,0.50,0.160,16,19.65,13.0741,1
1694,Lonely Tree,Centro,0.90,0.50,0.160,32,19.89,14.2857,0
1695,Lonely Tree,Centro,0.90,0.50,0.160,64,23.50,13.4000,0
1696,Lonely Tree,Centro,0.90,0.50,0.160,128,19.50,14.6250,0
1697,Lonely Tree,Centro,0.90,0.75,0.020,16,22.06,10.2992,101
1698,Lonely Tree,Centro,0.90,0.75,0.020,32,20.76,10.5630,32
1699,Lonely Tree,Centro,0.90,0.75,0.020,64,20.14,12.1698,4
1700,Lonely Tree,Centro,0.90,0.75,0.020,128,19.61,10.6970,1
1701,Lonely Tree,Centro,0.90,0.75,0.050,16,21.25,11.0111,17
1702,Lonely Tree,Centro,0.90,0.75,0.050,32,19.60,10.6939,3
1703,Lonely Tree,Centro,0.90,0.75,0.050,64,19.30,9.9310,1
1704,Lonely Tree,Centro,0.90,0.75,0.050,128,19.37,13.3571,0
1705,Lonely Tree,Centro,0.90,0.75,0.100,16,19.76,11.1915,7
1706,Lonely Tree,Centro,0.90,0.75,0.100,32,19.29,9.8966,1
1707,Lonely Tree,Centro,0.90,0.75,0.100,64,19.36,13.3571,0
1708,Lonely Tree,Centro,0.90,0.75,0.100,128,19.33,14.7500,0
1709,Lonely Tree,Centro,0.90,0.75,0.160,16,19.72,12.1724,1
1710,Lonely Tree,Centro,0.90,0.75,0.160,32,19.96,12.1875,0
1711,Lonely Tree,Centro,0.90,0.75,0.160,64,23.50,12.0000,0
1712,Lonely Tree,Centro,0.90,0.75,0.160,128,19.50,14.6250,0
1713,Lonely Tree,Centro,0.90,1.00,0.020,16,20.79,3.2419,383
1714,Lonely Tree,Centro,0.90,1.00,0.020,32,19.57,3.8052,50
1715,Lonely Tree,Centro,0.90,1.00,0.020,64,19.09,5.1667,8
1716,Lonely Tree,Centro,0.90,1.00,0.020,128,19.09,8.2683,1
1717,Lonely Tree,Centro,0.90,1.00,0.050,16,19.71,3.4323,36
1718,Lonely Tree,Centro,0.90,1.00,0.050,32,19.08,5.7303,5
1719,Lonely Tree,Centro,0.90,1.00,0.050,64,18.97,7.9143,1
1720,Lonely Tree,Centro,0.90,1.00,0.050,128,19.02,13.1429,0
1721,Lonely Tree,Centro,0.90,1.00,0.100,16,19.07,5.4362,4
1722,Lonely Tree,Centro,0.90,1.00,0.100,32,18.89,7.2973,1
1723,Lonely Tree,Centro,0.90,1.00,0.100,64,19.02,13.1429,0
1724,Lonely Tree,Centro,0.90,1.00,0.100,128,19.33,14.7500,0
1725,Lonely Tree,Centro,0.90,1.00,0.160,16,19.07,7.8837,2
1726,Lonely Tree,Centro,0.90,1.00,0.160,32,19.74,12.0000,0
1727,Lonely Tree,Centro,0.90,1.00,0.160,64,23.50,11.9091,0
1728,Lonely Tree,Centro,0.90,1.00,0.160,128,19.50,14.6250,0
1729,Lonely Tree,Centro,0.95,0.01,0.020,16,21.60,8.4893,128
1730,Lonely Tree,Centro,0.95,0.01,0.020,32,20.21,8.2081,20
1731,Lonely Tree,Centro,0.95,0.01,0.020,64,19.78,8.2987,4
1732,Lonely Tree,Centro,0.95,0.01,0.020,128,19.68,13.0741,1
1733,Lonely Tree,Centro,0.95,0.01,0.050,16,21.24,9.9300,16
1734,Lonely Tree,Centro,0.95,0.01,0.050,32,19.66,9.1930,2
1735,Lonely Tree,Centro,0.95,0.01,0.050,64,19.39,12.0417,1
1736,Lonely Tree,Centro,0.95,0.01,0.050,128,19.15,13.5000,0
1737,Lonely Tree,Centro,0.95,0.01,0.100,16,19.72,9.3571,2
1738,Lonely Tree,Centro,0.95,0.01,0.100,32,19.38,12.0417,0
1739,Lonely Tree,Centro,0.95,0.01,0.100,64,19.14,13.5000,0
1740,Lonely Tree,Centro,0.95,0.01,0.100,128,19.33,14.7500,0
1741,Lonely Tree,Centro,0.95,0.01,0.160,16,19.65,13.0741,1
1742,Lonely Tree,Centro,0.95,0.01,0.160,32,19.83,12.4375,0
1743,Lonely Tree,Centro,0.95,0.01,0.160,64,23.50,13.4000,0
1744,Lonely Tree,Centro,0.95,0.01,0.160,128,19.50,14.6250,0
1745,Lonely Tree,Centro,0.95,0.50,0.020,16,21.60,8.4893,129
1746,Lonely Tree,Centro,0.95,0.50,0.020,32,20.21,8.2081,25
1747,Lonely Tree,Centro,0.95,0.50,0.020,64,19.78,8.2987,4
1748,Lonely Tree,Centro,0.95,0.50,0.020,128,19.68,13.0741,1
1749,Lonely Tree,Centro,0.95,0.50,0.050,16,21.24,9.9300,15
1750,Lonely Tree,Centro,0.95,0.50,0.050,32,19.66,9.1930,3
1751,Lonely Tree,Centro,0.95,0.50,0.050,64,19.39,12.0417,1
1752,Lonely Tree,Centro,0.95,0.50,0.050,128,19.15,13.5000,0
1753,Lonely Tree,Centro,0.95,0.50,0.100,16,19.72,9.3571,2
1754,Lonely Tree,Centro,0.95,0.50,0.100,32,19.38,12.0417,0
1755,Lonely Tree,Centro,0.95,0.50,0.100,64,19.14,13.5000,0
1756,Lonely Tree,Centro,0.95,0.50,0.100,128,19.33,14.7500,0
1757,Lonely Tree,Centro,0.95,0.50,0.160,16,19.65,13.0741,1
1758,Lonely Tree,Centro,0.95,0.50,0.160,32,19.83,12.4375,0
1759,Lonely Tree,Centro,0.95,0.50,0.160,64,23.50,13.4000,0
1760,Lonely Tree,Centro,0.95,0.50,0.160,128,19.50,14.6250,0
1761,Lonely Tree,Centro,0.95,0.75,0.020,16,21.60,8.4893,131
1762,Lonely Tree,Centro,0.95,0.75,0.020,32,20.22,8.2081,25
1763,Lonely Tree,Centro,0.95,0.75,0.020,64,19.78,8.2987,4
1764,Lonely Tree,Centro,0.95,0.75,0.020,128,19.68,13.0741,1
1765,Lonely Tree,Centro,0.95,0.75,0.050,16,21.27,9.9300,19
1766,Lonely Tree,Centro,0.95,0.75,0.050,32,19.62,9.1930,3
1767,Lonely Tree,Centro,0.95,0.75,0.050,64,19.39,12.0417,1
1768,Lonely Tree,Centro,0.95,0.75,0.050,128,19.15,13.5000,0
1769,Lonely Tree,Centro,0.95,0.75,0.100,16,19.72,9.3571,2
1770,Lonely Tree,Centro,0.95,0.75,0.100,32,19.38,12.0417,0
1771,Lonely Tree,Centro,0.95,0.75,0.100,64,19.14,13.5000,0
1772,Lonely Tree,Centro,0.95,0.75,0.100,128,19.33,14.7500,0
1773,Lonely Tree,Centro,0.95,0.75,0.160,16,19.65,13.0741,1
1774,Lonely Tree,Centro,0.95,0.75,0.160,32,19.80,12.3750,0
1775,Lonely Tree,Centro,0.95,0.75,0.160,64,23.50,13.4000,0
1776,Lonely Tree,Centro,0.95,0.75,0.160,128,19.50,14.6250,0
1777,Lonely Tree,Centro,0.95,1.00,0.020,16,20.79,3.2419,380
1778,Lonely Tree,Centro,0.95,1.00,0.020,32,19.57,3.8052,53
1779,Lonely Tree,Centro,0.95,1.00,0.020,64,19.09,5.1667,8
1780,Lonely Tree,Centro,0.95,1.00,0.020,128,19.09,8.2683,1
1781,Lonely Tree,Centro,0.95,1.00,0.050,16,19.71,3.4323,30
1782,Lonely Tree,Centro,0.95,1.00,0.050,32,19.08,5.7303,5
1783,Lonely Tree,Centro,0.95,1.00,0.050,64,18.97,7.9143,1
1784,Lonely Tree,Centro,0.95,1.00,0.050,128,19.02,13.1429,0
1785,Lonely Tree,Centro,0.95,1.00,0.100,16,19.07,5.4362,5
1786,Lonely Tree,Centro,0.95,1.00,0.100,32,18.89,7.2973,1
1787,Lonely Tree,Centro,0.95,1.00,0.100,64,19.02,13.1429,0
1788,Lonely Tree,Centro,0.95,1.00,0.100,128,19.33,14.7500,0
1789,Lonely Tree,Centro,0.95,1.00,0.160,16,19.07,7.8837,1
1790,Lonely Tree,Centro,0.95,1.00,0.160,32,19.74,12.0000,0
1791,Lonely Tree,Centro,0.95,1.00,0.160,64,23.50,11.9091,0
1792,Lonely Tree,Centro,0.95,1.00,0.160,128,19.50,14.6250,0
1793,Chinese Wall,Centro,0.50,0.01,0.020,16,26.67,11.9269,67
1794,Chinese Wall,Centro,0.50,0.01,0.020,32,26.73,12.8072,20
1795,Chinese Wall,Centro,0.50,0.01,0.020,64,26.15,14.0714,4
1796,Chinese Wall,Centro,0.50,0.01,0.020,128,26.01,14.8209,2
1797,Chinese Wall,Centro,0.50,0.01,0.050,16,26.46,12.8626,10
1798,Chinese Wall,Centro,0.50,0.01,0.050,32,25.89,13.8415,3
1799,Chinese Wall,Centro,0.50,0.01,0.050,64,26.12,14.5574,1
1800,Chinese Wall,Centro,0.50,0.01,0.050,128,26.13,16.0417,4
1801,Chinese Wall,Centro,0.50,0.01,0.100,16,25.88,14.0988,3
1802,Chinese Wall,Centro,0.50,0.01,0.100,32,26.11,14.7213,1
1803,Chinese Wall,Centro,0.50,0.01,0.100,64,26.12,16.0417,1
1804,Chinese Wall,Centro,0.50,0.01,0.100,128,27.39,17.1463,0
1805,Chinese Wall,Centro,0.50,0.01,0.160,16,25.97,14.8209,1
1806,Chinese Wall,Centro,0.50,0.01,0.160,32,25.92,16.4808,1
1807,Chinese Wall,Centro,0.50,0.01,0.160,64,25.81,17.2046,3
1808,Chinese Wall,Centro,0.50,0.01,0.160,128,26.48,16.7949,0
1809,Chinese Wall,Centro,0.50,0.50,0.020,16,26.67,11.8449,74
1810,Chinese Wall,Centro,0.50,0.50,0.020,32,26.57,12.5714,16
1811,Chinese Wall,Centro,0.50,0.50,0.020,64,26.15,14.0714,20
1812,Chinese Wall,Centro,0.50,0.50,0.020,128,26.01,14.8209,2
1813,Chinese Wall,Centro,0.50,0.50,0.050,16,26.47,12.9615,15
1814,Chinese Wall,Centro,0.50,0.50,0.050,32,25.89,13.8415,4
1815,Chinese Wall,Centro,0.50,0.50,0.050,64,26.12,14.5574,1
1816,Chinese Wall,Centro,0.50,0.50,0.050,128,26.13,16.0417,1
1817,Chinese Wall,Centro,0.50,0.50,0.100,16,25.88,13.7590,3
1818,Chinese Wall,Centro,0.50,0.50,0.100,32,26.11,14.7213,1
1819,Chinese Wall,Centro,0.50,0.50,0.100,64,26.12,16.0417,1
1820,Chinese Wall,Centro,0.50,0.50,0.100,128,27.39,17.1463,1
1821,Chinese Wall,Centro,0.50,0.50,0.160,16,25.97,14.8209,1
1822,Chinese Wall,Centro,0.50,0.50,0.160,32,25.92,16.4808,1
1823,Chinese Wall,Centro,0.50,0.50,0.160,64,25.81,17.2046,1
1824,Chinese Wall,Centro,0.50,0.50,0.160,128,26.48,16.7949,1
1825,Chinese Wall,Centro,0.50,0.75,0.020,16,26.66,11.6019,63
1826,Chinese Wall,Centro,0.50,0.75,0.020,32,26.48,12.4260,16
1827,Chinese Wall,Centro,0.50,0.75,0.020,64,26.35,13.8100,8
1828,Chinese Wall,Centro,0.50,0.75,0.020,128,25.96,14.7911,2
1829,Chinese Wall,Centro,0.50,0.75,0.050,16,26.44,12.5597,10
1830,Chinese Wall,Centro,0.50,0.75,0.050,32,25.89,13.8415,3
1831,Chinese Wall,Centro,0.50,0.75,0.050,64,26.06,14.5574,5
1832,Chinese Wall,Centro,0.50,0.75,0.050,128,25.92,15.6735,1
1833,Chinese Wall,Centro,0.50,0.75,0.100,16,25.85,13.7590,3
1834,Chinese Wall,Centro,0.50,0.75,0.100,32,26.05,14.7049,1
1835,Chinese Wall,Centro,0.50,0.75,0.100,64,25.90,15.6735,1
1836,Chinese Wall,Centro,0.50,0.75,0.100,128,27.25,16.2558,1
1837,Chinese Wall,Centro,0.50,0.75,0.160,16,25.92,14.7911,1
1838,Chinese Wall,Centro,0.50,0.75,0.160,32,25.79,16.3269,1
1839,Chinese Wall,Centro,0.50,0.75,0.160,64,25.59,16.2826,1
1840,Chinese Wall,Centro,0.50,0.75,0.160,128,26.48,16.7949,4
1841,Chinese Wall,Centro,0.50,1.00,0.020,16,26.25,6.4428,360
1842,Chinese Wall,Centro,0.50,1.00,0.020,32,25.88,6.6149,45
1843,Chinese Wall,Centro,0.50,1.00,0.020,64,26.03,12.5413,9
1844,Chinese Wall,Centro,0.50,1.00,0.020,128,25.80,14.5294,2
1845,Chinese Wall,Centro,0.50,1.00,0.050,16,26.35,10.6774,28
1846,Chinese Wall,Centro,0.50,1.00,0.050,32,25.80,13.6145,11
1847,Chinese Wall,Centro,0.50,1.00,0.050,64,25.69,8.4808,1
1848,Chinese Wall,Centro,0.50,1.00,0.050,128,25.86,15.6531,1
1849,Chinese Wall,Centro,0.50,1.00,0.100,16,25.82,13.5476,5
1850,Chinese Wall,Centro,0.50,1.00,0.100,32,25.68,8.4762,2
1851,Chinese Wall,Centro,0.50,1.00,0.100,64,25.85,15.6531,1
1852,Chinese Wall,Centro,0.50,1.00,0.100,128,27.15,16.2093,1
1853,Chinese Wall,Centro,0.50,1.00,0.160,16,25.77,14.5294,5
1854,Chinese Wall,Centro,0.50,1.00,0.160,32,25.62,16.2500,1
1855,Chinese Wall,Centro,0.50,1.00,0.160,64,26.00,13.6731,1
1856,Chinese Wall,Centro,0.50,1.00,0.160,128,26.48,16.7949,0
1857,Chinese Wall,Centro,0.75,0.01,0.020,16,26.67,11.9269,68
1858,Chinese Wall,Centro,0.75,0.01,0.020,32,26.73,12.8072,15
1859,Chinese Wall,Centro,0.75,0.01,0.020,64,26.15,14.0714,4
1860,Chinese Wall,Centro,0.75,0.01,0.020,128,26.01,14.8209,8
1861,Chinese Wall,Centro,0.75,0.01,0.050,16,26.46,12.8626,9
1862,Chinese Wall,Centro,0.75,0.01,0.050,32,25.89,13.8415,3
1863,Chinese Wall,Centro,0.75,0.01,0.050,64,26.12,14.5574,1
1864,Chinese Wall,Centro,0.75,0.01,0.050,128,26.13,16.0417,1
1865,Chinese Wall,Centro,0.75,0.01,0.100,16,25.88,14.0988,3
1866,Chinese Wall,Centro,0.75,0.01,0.100,32,26.11,14.7213,4
1867,Chinese Wall,Centro,0.75,0.01,0.100,64,26.12,16.0417,1
1868,Chinese Wall,Centro,0.75,0.01,0.100,128,27.39,17.1463,0
1869,Chinese Wall,Centro,0.75,0.01,0.160,16,25.97,14.8209,2
1870,Chinese Wall,Centro,0.75,0.01,0.160,32,25.92,16.4808,1
1871,Chinese Wall,Centro,0.75,0.01,0.160,64,25.81,17.2046,1
1872,Chinese Wall,Centro,0.75,0.01,0.160,128,26.48,16.7949,0
1873,Chinese Wall,Centro,0.75,0.50,0.020,16,26.67,11.8449,71
1874,Chinese Wall,Centro,0.75,0.50,0.020,32,26.57,12.5714,28
1875,Chinese Wall,Centro,0.75,0.50,0.020,64,26.15,14.0714,4
1876,Chinese Wall,Centro,0.75,0.50,0.020,128,26.01,14.8209,2
1877,Chinese Wall,Centro,0.75,0.50,0.050,16,26.47,12.9615,10
1878,Chinese Wall,Centro,0.75,0.50,0.050,32,25.89,13.8415,3
1879,Chinese Wall,Centro,0.75,0.50,0.050,64,26.12,14.5574,1
1880,Chinese Wall,Centro,0.75,0.50,0.050,128,26.13,16.0417,4
1881,Chinese Wall,Centro,0.75,0.50,0.100,16,25.88,13.7590,3
1882,Chinese Wall,Centro,0.75,0.50,0.100,32,26.11,14.7213,1
1883,Chinese Wall,Centro,0.75,0.50,0.100,64,26.12,16.0417,1
1884,Chinese Wall,Centro,0.75,0.50,0.100,128,27.39,17.1463,1
1885,Chinese Wall,Centro,0.75,0.50,0.160,16,25.97,14.8209,1
1886,Chinese Wall,Centro,0.75,0.50,0.160,32,25.92,16.4808,1
1887,Chinese Wall,Centro,0.75,0.50,0.160,64,25.81,17.2046,1
1888,Chinese Wall,Centro,0.75,0.50,0.160,128,26.48,16.7949,1
1889,Chinese Wall,Centro,0.75,0.75,0.020,16,26.66,11.6019,78
1890,Chinese Wall,Centro,0.75,0.75,0.020,32,26.48,12.4260,16
1891,Chinese Wall,Centro,0.75,0.75,0.020,64,26.35,13.8100,4
1892,Chinese Wall,Centro,0.75,0.75,0.020,128,25.96,14.7911,2
1893,Chinese Wall,Centro,0.75,0.75,0.050,16,26.44,12.5597,10
1894,Chinese Wall,Centro,0.75,0.75,0.050,32,25.89,13.8415,3
1895,Chinese Wall,Centro,0.75,0.75,0.050,64,26.06,14.5574,1
1896,Chinese Wall,Centro,0.75,0.75,0.050,128,25.92,15.6735,1
1897,Chinese Wall,Centro,0.75,0.75,0.100,16,25.85,13.7590,5
1898,Chinese Wall,Centro,0.75,0.75,0.100,32,26.05,14.7049,1
1899,Chinese Wall,Centro,0.75,0.75,0.100,64,25.90,15.6735,1
1900,Chinese Wall,Centro,0.75,0.75,0.100,128,27.25,16.2558,1
1901,Chinese Wall,Centro,0.75,0.75,0.160,16,25.92,14.7911,1
1902,Chinese Wall,Centro,0.75,0.75,0.160,32,25.79,16.3269,1
1903,Chinese Wall,Centro,0.75,0.75,0.160,64,25.59,16.2826,1
1904,Chinese Wall,Centro,0.75,0.75,0.160,128,26.48,16.7949,0
1905,Chinese Wall,Centro,0.75,1.00,0.020,16,26.25,6.4428,368
1906,Chinese Wall,Centro,0.75,1.00,0.020,32,25.88,6.6149,43
1907,Chinese Wall,Centro,0.75,1.00,0.020,64,26.03,12.5413,16
1908,Chinese Wall,Centro,0.75,1.00,0.020,128,25.80,14.5294,2
1909,Chinese Wall,Centro,0.75,1.00,0.050,16,26.35,10.6774,31
1910,Chinese Wall,Centro,0.75,1.00,0.050,32,25.80,13.6145,5
1911,Chinese Wall,Centro,0.75,1.00,0.050,64,25.69,8.4808,1
1912,Chinese Wall,Centro,0.75,1.00,0.050,128,25.86,15.6531,1
1913,Chinese Wall,Centro,0.75,1.00,0.100,16,25.82,13.5476,5
1914,Chinese Wall,Centro,0.75,1.00,0.100,32,25.68,8.4762,5
1915,Chinese Wall,Centro,0.75,1.00,0.100,64,25.85,15.6531,1
1916,Chinese Wall,Centro,0.75,1.00,0.100,128,27.15,16.2093,1
1917,Chinese Wall,Centro,0.75,1.00,0.160,16,25.77,14.5294,2
1918,Chinese Wall,Centro,0.75,1.00,0.160,32,25.62,16.2500,1
1919,Chinese Wall,Centro,0.75,1.00,0.160,64,26.00,13.6731,1
1920,Chinese Wall,Centro,0.75,1.00,0.160,128,26.48,16.7949,0
1921,Chinese Wall,Centro,0.90,0.01,0.020,16,26.67,11.9269,72
1922,Chinese Wall,Centro,0.90,0.01,0.020,32,26.73,12.8072,18
1923,Chinese Wall,Centro,0.90,0.01,0.020,64,26.15,14.0714,4
1924,Chinese Wall,Centro,0.90,0.01,0.020,128,26.01,14.8209,2
1925,Chinese Wall,Centro,0.90,0.01,0.050,16,26.46,12.8626,9
1926,Chinese Wall,Centro,0.90,0.01,0.050,32,25.89,13.8415,3
1927,Chinese Wall,Centro,0.90,0.01,0.050,64,26.12,14.5574,1
1928,Chinese Wall,Centro,0.90,0.01,0.050,128,26.13,16.0417,1
1929,Chinese Wall,Centro,0.90,0.01,0.100,16,25.88,14.0988,3
1930,Chinese Wall,Centro,0.90,0.01,0.100,32,26.11,14.7213,1
1931,Chinese Wall,Centro,0.90,0.01,0.100,64,26.12,16.0417,1
1932,Chinese Wall,Centro,0.90,0.01,0.100,128,27.39,17.1463,0
1933,Chinese Wall,Centro,0.90,0.01,0.160,16,25.97,14.8209,1
1934,Chinese Wall,Centro,0.90,0.01,0.160,32,25.92,16.4808,1
1935,Chinese Wall,Centro,0.90,0.01,0.160,64,25.81,17.2046,1
1936,Chinese Wall,Centro,0.90,0.01,0.160,128,26.48,16.7949,0
1937,Chinese Wall,Centro,0.90,0.50,0.020,16,26.67,11.9269,64
1938,Chinese Wall,Centro,0.90,0.50,0.020,32,26.59,12.5952,16
1939,Chinese Wall,Centro,0.90,0.50,0.020,64,26.15,14.0714,4
1940,Chinese Wall,Centro,0.90,0.50,0.020,128,26.01,14.8209,2
1941,Chinese Wall,Centro,0.90,0.50,0.050,16,26.47,12.9615,9
1942,Chinese Wall,Centro,0.90,0.50,0.050,32,25.89,13.8415,3
1943,Chinese Wall,Centro,0.90,0.50,0.050,64,26.12,14.5574,1
1944,Chinese Wall,Centro,0.90,0.50,0.050,128,26.13,16.0417,1
1945,Chinese Wall,Centro,0.90,0.50,0.100,16,25.88,14.0988,3
1946,Chinese Wall,Centro,0.90,0.50,0.100,32,26.11,14.7213,4
1947,Chinese Wall,Centro,0.90,0.50,0.100,64,26.12,16.0417,1
1948,Chinese Wall,Centro,0.90,0.50,0.100,128,27.39,17.1463,1
1949,Chinese Wall,Centro,0.90,0.50,0.160,16,25.97,14.8209,1
1950,Chinese Wall,Centro,0.90,0.50,0.160,32,25.92,16.4808,1
1951,Chinese Wall,Centro,0.90,0.50,0.160,64,25.81,17.2046,1
1952,Chinese Wall,Centro,0.90,0.50,0.160,128,26.48,16.7949,0
1953,Chinese Wall,Centro,0.90,0.75,0.020,16,26.67,11.6808,76
1954,Chinese Wall,Centro,0.90,0.75,0.020,32,26.50,12.5238,43
1955,Chinese Wall,Centro,0.90,0.75,0.020,64,26.36,13.8200,6
1956,Chinese Wall,Centro,0.90,0.75,0.020,128,25.96,14.7911,2
1957,Chinese Wall,Centro,0.90,0.75,0.050,16,26.44,12.5672,10
1958,Chinese Wall,Centro,0.90,0.75,0.050,32,25.89,13.8415,3
1959,Chinese Wall,Centro,0.90,0.75,0.050,64,26.06,14.5574,1
1960,Chinese Wall,Centro,0.90,0.75,0.050,128,26.01,15.6939,1
1961,Chinese Wall,Centro,0.90,0.75,0.100,16,25.86,13.7590,3
1962,Chinese Wall,Centro,0.90,0.75,0.100,32,26.05,14.7049,1
1963,Chinese Wall,Centro,0.90,0.75,0.100,64,26.00,15.6939,1
1964,Chinese Wall,Centro,0.90,0.75,0.100,128,27.39,16.3023,1
1965,Chinese Wall,Centro,0.90,0.75,0.160,16,25.92,14.7911,1
1966,Chinese Wall,Centro,0.90,0.75,0.160,32,25.81,16.3654,1
1967,Chinese Wall,Centro,0.90,0.75,0.160,64,25.59,16.2826,1
1968,Chinese Wall,Centro,0.90,0.75,0.160,128,26.48,16.7949,0
1969,Chinese Wall,Centro,0.90,1.00,0.020,16,26.25,6.4428,363
1970,Chinese Wall,Centro,0.90,1.00,0.020,32,25.88,6.6149,50
1971,Chinese Wall,Centro,0.90,1.00,0.020,64,26.03,12.5413,9
1972,Chinese Wall,Centro,0.90,1.00,0.020,128,25.80,14.5294,3
1973,Chinese Wall,Centro,0.90,1.00,0.050,16,26.35,10.6774,25
1974,Chinese Wall,Centro,0.90,1.00,0.050,32,25.80,13.6145,5
1975,Chinese Wall,Centro,0.90,1.00,0.050,64,25.69,8.4808,1
1976,Chinese Wall,Centro,0.90,1.00,0.050,128,25.86,15.6531,4
1977,Chinese Wall,Centro,0.90,1.00,0.100,16,25.82,13.5476,5
1978,Chinese Wall,Centro,0.90,1.00,0.100,32,25.68,8.4762,2
1979,Chinese Wall,Centro,0.90,1.00,0.100,64,25.85,15.6531,1
1980,Chinese Wall,Centro,0.90,1.00,0.100,128,27.15,16.2093,1
1981,Chinese Wall,Centro,0.90,1.00,0.160,16,25.77,14.5294,2
1982,Chinese Wall,Centro,0.90,1.00,0.160,32,25.62,16.2500,1
1983,Chinese Wall,Centro,0.90,1.00,0.160,64,26.00,13.6731,1
1984,Chinese Wall,Centro,0.90,1.00,0.160,128,26.48,16.7949,3
1985,Chinese Wall,Centro,0.95,0.01,0.020,16,26.67,11.9269,77
1986,Chinese Wall,Centro,0.95,0.01,0.020,32,26.53,12.6467,17
1987,Chinese Wall,Centro,0.95,0.01,0.020,64,26.16,13.7900,8
1988,Chinese Wall,Centro,0.95,0.01,0.020,128,25.97,14.8209,2
1989,Chinese Wall,Centro,0.95,0.01,0.050,16,26.45,12.7652,10
1990,Chinese Wall,Centro,0.95,0.01,0.050,32,25.88,14.1750,3
1991,Chinese Wall,Centro,0.95,0.01,0.050,64,26.12,14.5574,6
1992,Chinese Wall,Centro,0.95,0.01,0.050,128,26.13,16.0417,1
1993,Chinese Wall,Centro,0.95,0.01,0.100,16,25.88,14.0988,3
1994,Chinese Wall,Centro,0.95,0.01,0.100,32,26.05,14.7049,1
1995,Chinese Wall,Centro,0.95,0.01,0.100,64,26.12,16.0417,1
1996,Chinese Wall,Centro,0.95,0.01,0.100,128,27.39,17.1463,1
1997,Chinese Wall,Centro,0.95,0.01,0.160,16,25.93,14.8209,1
1998,Chinese Wall,Centro,0.95,0.01,0.160,32,25.76,16.4423,1
1999,Chinese Wall,Centro,0.95,0.01,0.160,64,25.81,17.2046,1
2000,Chinese Wall,Centro,0.95,0.01,0.160,128,26.48,16.7949,0
2001,Chinese Wall,Centro,0.95,0.50,0.020,16,26.67,11.9269,75
2002,Chinese Wall,Centro,0.95,0.50,0.020,32,26.53,12.6467,22
2003,Chinese Wall,Centro,0.95,0.50,0.020,64,26.16,13.7900,5
2004,Chinese Wall,Centro,0.95,0.50,0.020,128,25.97,14.8209,2
2005,Chinese Wall,Centro,0.95,0.50,0.050,16,26.45,12.7652,10
2006,Chinese Wall,Centro,0.95,0.50,0.050,32,25.88,14.1750,3
2007,Chinese Wall,Centro,0.95,0.50,0.050,64,26.12,14.5574,1
2008,Chinese Wall,Centro,0.95,0.50,0.050,128,26.13,16.0417,1
2009,Chinese Wall,Centro,0.95,0.50,0.100,16,25.88,14.0988,6
2010,Chinese Wall,Centro,0.95,0.50,0.100,32,26.05,14.7049,1
2011,Chinese Wall,Centro,0.95,0.50,0.100,64,26.12,16.0417,1
2012,Chinese Wall,Centro,0.95,0.50,0.100,128,27.39,17.1463,1
2013,Chinese Wall,Centro,0.95,0.50,0.160,16,25.93,14.8209,1
2014,Chinese Wall,Centro,0.95,0.50,0.160,32,25.76,16.4423,1
2015,Chinese Wall,Centro,0.95,0.50,0.160,64,25.81,17.2046,1
2016,Chinese Wall,Centro,0.95,0.50,0.160,128,26.48,16.7949,0
2017,Chinese Wall,Centro,0.95,0.75,0.020,16,26.67,11.9269,84
2018,Chinese Wall,Centro,0.95,0.75,0.020,32,26.53,12.6467,17
2019,Chinese Wall,Centro,0.95,0.75,0.020,64,26.16,13.7900,10
2020,Chinese Wall,Centro,0.95,0.75,0.020,128,25.97,14.8209,2
2021,Chinese Wall,Centro,0.95,0.75,0.050,16,26.45,12.8626,14
2022,Chinese Wall,Centro,0.95,0.75,0.050,32,25.88,14.1750,3
2023,Chinese Wall,Centro,0.95,0.75,0.050,64,26.12,14.5574,1
2024,Chinese Wall,Centro,0.95,0.75,0.050,128,26.13,16.0417,1
2025,Chinese Wall,Centro,0.95,0.75,0.100,16,25.88,14.0988,6
2026,Chinese Wall,Centro,0.95,0.75,0.100,32,26.05,14.7049,1
2027,Chinese Wall,Centro,0.95,0.75,0.100,64,26.12,16.0417,1
2028,Chinese Wall,Centro,0.95,0.75,0.100,128,27.39,17.1463,0
2029,Chinese Wall,Centro,0.95,0.75,0.160,16,25.93,14.8209,1
2030,Chinese Wall,Centro,0.95,0.75,0.160,32,25.76,16.4423,1
2031,Chinese Wall,Centro,0.95,0.75,0.160,64,25.73,16.4130,1
2032,Chinese Wall,Centro,0.95,0.75,0.160,128,26.48,16.7949,0
2033,Chinese Wall,Centro,0.95,1.00,0.020,16,26.25,6.4428,438
2034,Chinese Wall,Centro,0.95,1.00,0.020,32,25.88,6.6149,48
2035,Chinese Wall,Centro,0.95,1.00,0.020,64,26.03,12.5413,9
2036,Chinese Wall,Centro,0.95,1.00,0.020,128,25.80,14.5294,8
2037,Chinese Wall,Centro,0.95,1.00,0.050,16,26.35,10.6774,26
2038,Chinese Wall,Centro,0.95,1.00,0.050,32,25.80,13.6145,4
2039,Chinese Wall,Centro,0.95,1.00,0.050,64,25.69,8.4808,1
2040,Chinese Wall,Centro,0.95,1.00,0.050,128,25.86,15.6531,1
2041,Chinese Wall,Centro,0.95,1.00,0.100,16,25.82,13.5476,5
2042,Chinese Wall,Centro,0.95,1.00,0.100,32,25.68,8.4762,2
2043,Chinese Wall,Centro,0.95,1.00,0.100,64,25.85,15.6531,1
2044,Chinese Wall,Centro,0.95,1.00,0.100,128,27.15,16.2093,4
2045,Chinese Wall,Centro,0.95,1.00,0.160,16,25.77,14.5294,2
2046,Chinese Wall,Centro,0.95,1.00,0.160,32,25.62,16.2500,1
2047,Chinese Wall,Centro,0.95,1.00,0.160,64,26.00,13.6731,1
2048,Chinese Wall,Centro,0.95,1.00,0.160,128,26.48,16.7949,0
2049,Boulder,Centro,0.50,0.01,0.020,16,27.53,10.7046,151
2050,Boulder,Centro,0.50,0.01,0.020,32,27.93,13.1962,22
2051,Boulder,Centro,0.50,0.01,0.020,64,26.31,14.0000,5
2052,Boulder,Centro,0.50,0.01,0.020,128,26.37,16.0000,6
2053,Boulder,Centro,0.50,0.01,0.050,16,26.75,13.0661,14
2054,Boulder,Centro,0.50,0.01,0.050,32,25.74,11.5926,3
2055,Boulder,Centro,0.50,0.01,0.050,64,25.47,14.7159,6
2056,Boulder,Centro,0.50,0.01,0.050,128,25.25,15.9474,1
2057,Boulder,Centro,0.50,0.01,0.100,16,25.70,12.2745,3
2058,Boulder,Centro,0.50,0.01,0.100,32,25.46,14.6067,2
2059,Boulder,Centro,0.50,0.01,0.100,64,25.24,15.9474,1
2060,Boulder,Centro,0.50,0.01,0.100,128,30.10,15.9877,5
2061,Boulder,Centro,0.50,0.01,0.160,16,26.38,15.7536,3
2062,Boulder,Centro,0.50,0.01,0.160,32,25.72,16.7143,2
2063,Boulder,Centro,0.50,0.01,0.160,64,25.87,15.7125,1
2064,Boulder,Centro,0.50,0.01,0.160,128,30.28,15.9146,1
2065,Boulder,Centro,0.50,0.50,0.020,16,27.61,10.4083,139
2066,Boulder,Centro,0.50,0.50,0.020,32,27.93,13.0313,22
2067,Boulder,Centro,0.50,0.50,0.020,64,26.31,14.0000,12
2068,Boulder,Centro,0.50,0.50,0.020,128,26.30,16.0571,3
2069,Boulder,Centro,0.50,0.50,0.050,16,26.76,12.8862,20
2070,Boulder,Centro,0.50,0.50,0.050,32,25.73,11.1786,3
2071,Boulder,Centro,0.50,0.50,0.050,64,25.49,14.5506,2
2072,Boulder,Centro,0.50,0.50,0.050,128,25.22,16.0526,1
2073,Boulder,Centro,0.50,0.50,0.100,16,25.70,12.2745,10
2074,Boulder,Centro,0.50,0.50,0.100,32,25.48,14.4444,2
2075,Boulder,Centro,0.50,0.50,0.100,64,25.21,16.0526,1
2076,Boulder,Centro,0.50,0.50,0.100,128,30.10,15.9877,2
2077,Boulder,Centro,0.50,0.50,0.160,16,26.27,15.9565,3
2078,Boulder,Centro,0.50,0.50,0.160,32,25.72,16.7143,9
2079,Boulder,Centro,0.50,0.50,0.160,64,25.87,15.7125,2
2080,Boulder,Centro,0.50,0.50,0.160,128,30.28,15.9146,1
2081,Boulder,Centro,0.50,0.75,0.020,16,27.50,10.1966,319
2082,Boulder,Centro,0.50,0.75,0.020,32,26.70,8.0607,34
2083,Boulder,Centro,0.50,0.75,0.020,64,26.31,14.0000,7
2084,Boulder,Centro,0.50,0.75,0.020,128,25.45,7.9034,6
2085,Boulder,Centro,0.50,0.75,0.050,16,26.73,12.1769,23
2086,Boulder,Centro,0.50,0.75,0.050,32,25.67,10.7931,11
2087,Boulder,Centro,0.50,0.75,0.050,64,25.59,15.2614,3
2088,Boulder,Centro,0.50,0.75,0.050,128,24.85,4.7622,2
2089,Boulder,Centro,0.50,0.75,0.100,16,25.69,12.2745,5
2090,Boulder,Centro,0.50,0.75,0.100,32,25.58,15.2135,6
2091,Boulder,Centro,0.50,0.75,0.100,64,24.85,4.7622,2
2092,Boulder,Centro,0.50,0.75,0.100,128,30.10,15.9877,2
2093,Boulder,Centro,0.50,0.75,0.160,16,25.42,7.8531,3
2094,Boulder,Centro,0.50,0.75,0.160,32,25.72,16.7143,2
2095,Boulder,Centro,0.50,0.75,0.160,64,25.87,15.7125,5
2096,Boulder,Centro,0.50,0.75,0.160,128,28.63,6.4429,2
2097,Boulder,Centro,0.50,1.00,0.020,16,25.16,4.8456,503
2098,Boulder,Centro,0.50,1.00,0.020,32,25.01,6.1700,60
2099,Boulder,Centro,0.50,1.00,0.020,64,24.80,7.3176,11
2100,Boulder,Centro,0.50,1.00,0.020,128,24.07,8.4702,3
2101,Boulder,Centro,0.50,1.00,0.050,16,24.93,6.0602,38
2102,Boulder,Centro,0.50,1.00,0.050,32,24.38,6.1415,10
2103,Boulder,Centro,0.50,1.00,0.050,64,24.12,9.1181,3
2104,Boulder,Centro,0.50,1.00,0.050,128,23.26,7.8252,2
2105,Boulder,Centro,0.50,1.00,0.100,16,24.52,5.9364,7
2106,Boulder,Centro,0.50,1.00,0.100,32,24.11,9.0938,3
2107,Boulder,Centro,0.50,1.00,0.100,64,23.26,7.8252,7
2108,Boulder,Centro,0.50,1.00,0.100,128,27.97,7.1364,2
2109,Boulder,Centro,0.50,1.00,0.160,16,24.02,8.5874,4
2110,Boulder,Centro,0.50,1.00,0.160,32,23.81,9.5404,3
2111,Boulder,Centro,0.50,1.00,0.160,64,24.46,7.2692,2
2112,Boulder,Centro,0.50,1.00,0.160,128,28.29,6.6810,5
2113,Boulder,Centro,0.75,0.01,0.020,16,27.53,10.7046,136
2114,Boulder,Centro,0.75,0.01,0.020,32,27.93,13.1962,22
2115,Boulder,Centro,0.75,0.01,0.020,64,26.31,14.0000,5
2116,Boulder,Centro,0.75,0.01,0.020,128,26.37,16.0000,3
2117,Boulder,Centro,0.75,0.01,0.050,16,26.75,13.0661,17
2118,Boulder,Centro,0.75,0.01,0.050,32,25.74,11.5926,4
2119,Boulder,Centro,0.75,0.01,0.050,64,25.47,14.7159,2
2120,Boulder,Centro,0.75,0.01,0.050,128,25.25,15.9474,1
2121,Boulder,Centro,0.75,0.01,0.100,16,25.70,12.2745,6
2122,Boulder,Centro,0.75,0.01,0.100,32,25.46,14.6067,2
2123,Boulder,Centro,0.75,0.01,0.100,64,25.24,15.9474,1
2124,Boulder,Centro,0.75,0.01,0.100,128,30.10,15.9877,2
2125,Boulder,Centro,0.75,0.01,0.160,16,26.38,15.7536,3
2126,Boulder,Centro,0.75,0.01,0.160,32,25.72,16.7143,6
2127,Boulder,Centro,0.75,0.01,0.160,64,25.87,15.7125,2
2128,Boulder,Centro,0.75,0.01,0.160,128,30.28,15.9146,1
2129,Boulder,Centro,0.75,0.50,0.020,16,27.61,10.4083,158
2130,Boulder,Centro,0.75,0.50,0.020,32,27.93,13.0313,25
2131,Boulder,Centro,0.75,0.50,0.020,64,26.31,14.0000,6
2132,Boulder,Centro,0.75,0.50,0.020,128,26.30,16.0571,6
2133,Boulder,Centro,0.75,0.50,0.050,16,26.76,12.8862,15
2134,Boulder,Centro,0.75,0.50,0.050,32,25.73,11.1786,7
2135,Boulder,Centro,0.75,0.50,0.050,64,25.49,14.5506,3
2136,Boulder,Centro,0.75,0.50,0.050,128,25.22,16.0526,1
2137,Boulder,Centro,0.75,0.50,0.100,16,25.70,12.2745,3
2138,Boulder,Centro,0.75,0.50,0.100,32,25.48,14.4444,9
2139,Boulder,Centro,0.75,0.50,0.100,64,25.21,16.0526,1
2140,Boulder,Centro,0.75,0.50,0.100,128,30.10,15.9877,2
2141,Boulder,Centro,0.75,0.50,0.160,16,26.27,15.9565,3
2142,Boulder,Centro,0.75,0.50,0.160,32,25.72,16.7143,2
2143,Boulder,Centro,0.75,0.50,0.160,64,25.87,15.7125,5
2144,Boulder,Centro,0.75,0.50,0.160,128,30.28,15.9146,1
2145,Boulder,Centro,0.75,0.75,0.020,16,27.50,10.1966,311
2146,Boulder,Centro,0.75,0.75,0.020,32,26.70,8.0607,34
2147,Boulder,Centro,0.75,0.75,0.020,64,26.31,14.0000,7
2148,Boulder,Centro,0.75,0.75,0.020,128,25.45,7.9034,3
2149,Boulder,Centro,0.75,0.75,0.050,16,26.73,12.1769,39
2150,Boulder,Centro,0.75,0.75,0.050,32,25.67,10.7931,5
2151,Boulder,Centro,0.75,0.75,0.050,64,25.59,15.2614,3
2152,Boulder,Centro,0.75,0.75,0.050,128,24.85,4.7622,2
2153,Boulder,Centro,0.75,0.75,0.100,16,25.69,12.2745,5
2154,Boulder,Centro,0.75,0.75,0.100,32,25.58,15.2135,3
2155,Boulder,Centro,0.75,0.75,0.100,64,24.85,4.7622,2
2156,Boulder,Centro,0.75,0.75,0.100,128,30.10,15.9877,2
2157,Boulder,Centro,0.75,0.75,0.160,16,25.42,7.8531,3
2158,Boulder,Centro,0.75,0.75,0.160,32,25.72,16.7143,2
2159,Boulder,Centro,0.75,0.75,0.160,64,25.87,15.7125,2
2160,Boulder,Centro,0.75,0.75,0.160,128,28.63,6.4429,5
2161,Boulder,Centro,0.75,1.00,0.020,16,25.16,4.8456,496
2162,Boulder,Centro,0.75,1.00,0.020,32,25.01,6.1700,58
2163,Boulder,Centro,0.75,1.00,0.020,64,24.80,7.3176,11
2164,Boulder,Centro,0.75,1.00,0.020,128,24.07,8.4702,9
2165,Boulder,Centro,0.75,1.00,0.050,16,24.93,6.0602,45
2166,Boulder,Centro,0.75,1.00,0.050,32,24.38,6.1415,7
2167,Boulder,Centro,0.75,1.00,0.050,64,24.12,9.1181,3
2168,Boulder,Centro,0.75,1.00,0.050,128,23.26,7.8252,2
2169,Boulder,Centro,0.75,1.00,0.100,16,24.52,5.9364,15
2170,Boulder,Centro,0.75,1.00,0.100,32,24.11,9.0938,3
2171,Boulder,Centro,0.75,1.00,0.100,64,23.26,7.8252,2
2172,Boulder,Centro,0.75,1.00,0.100,128,27.97,7.1364,2
2173,Boulder,Centro,0.75,1.00,0.160,16,24.02,8.5874,3
2174,Boulder,Centro,0.75,1.00,0.160,32,23.81,9.5404,7
2175,Boulder,Centro,0.75,1.00,0.160,64,24.46,7.2692,2
2176,Boulder,Centro,0.75,1.00,0.160,128,28.29,6.6810,2
2177,Boulder,Centro,0.90,0.01,0.020,16,27.45,10.7046,173
2178,Boulder,Centro,0.90,0.01,0.020,32,27.93,13.1962,29
2179,Boulder,Centro,0.90,0.01,0.020,64,26.31,14.0000,5
2180,Boulder,Centro,0.90,0.01,0.020,128,26.38,14.7895,3
2181,Boulder,Centro,0.90,0.01,0.050,16,26.75,13.0661,15
2182,Boulder,Centro,0.90,0.01,0.050,32,25.89,10.1290,4
2183,Boulder,Centro,0.90,0.01,0.050,64,25.51,14.8068,2
2184,Boulder,Centro,0.90,0.01,0.050,128,25.23,16.0000,4
2185,Boulder,Centro,0.90,0.01,0.100,16,25.70,12.2745,4
2186,Boulder,Centro,0.90,0.01,0.100,32,25.46,14.6067,2
2187,Boulder,Centro,0.90,0.01,0.100,64,25.23,16.0000,1
2188,Boulder,Centro,0.90,0.01,0.100,128,30.10,15.9877,2
2189,Boulder,Centro,0.90,0.01,0.160,16,26.35,14.6267,6
2190,Boulder,Centro,0.90,0.01,0.160,32,25.42,16.6349,2
2191,Boulder,Centro,0.90,0.01,0.160,64,25.87,15.7125,2
2192,Boulder,Centro,0.90,0.01,0.160,128,30.28,15.9146,1
2193,Boulder,Centro,0.90,0.50,0.020,16,27.55,10.5544,158
2194,Boulder,Centro,0.90,0.50,0.020,32,27.93,13.0313,27
2195,Boulder,Centro,0.90,0.50,0.020,64,26.31,14.0000,7
2196,Boulder,Centro,0.90,0.50,0.020,128,26.31,14.8421,6
2197,Boulder,Centro,0.90,0.50,0.050,16,26.76,12.8862,15
2198,Boulder,Centro,0.90,0.50,0.050,32,25.88,10.1290,7
2199,Boulder,Centro,0.90,0.50,0.050,64,25.51,14.8068,2
2200,Boulder,Centro,0.90,0.50,0.050,128,25.22,16.0526,1
2201,Boulder,Centro,0.90,0.50,0.100,16,25.70,12.2745,3
2202,Boulder,Centro,0.90,0.50,0.100,32,25.46,14.6067,5
2203,Boulder,Centro,0.90,0.50,0.100,64,25.21,16.0526,1
2204,Boulder,Centro,0.90,0.50,0.100,128,30.10,15.9877,2
2205,Boulder,Centro,0.90,0.50,0.160,16,26.28,14.7333,3
2206,Boulder,Centro,0.90,0.50,0.160,32,25.42,16.6349,2
2207,Boulder,Centro,0.90,0.50,0.160,64,25.87,15.7125,5
2208,Boulder,Centro,0.90,0.50,0.160,128,30.28,15.9146,1
2209,Boulder,Centro,0.90,0.75,0.020,16,27.48,10.2662,317
2210,Boulder,Centro,0.90,0.75,0.020,32,26.71,8.0607,38
2211,Boulder,Centro,0.90,0.75,0.020,64,26.31,14.0000,8
2212,Boulder,Centro,0.90,0.75,0.020,128,25.46,7.6159,3
2213,Boulder,Centro,0.90,0.75,0.050,16,26.73,12.3672,40
2214,Boulder,Centro,0.90,0.75,0.050,32,25.92,9.8125,5
2215,Boulder,Centro,0.90,0.75,0.050,64,25.59,15.2614,3
2216,Boulder,Centro,0.90,0.75,0.050,128,24.85,4.7622,2
2217,Boulder,Centro,0.90,0.75,0.100,16,25.70,12.2745,5
2218,Boulder,Centro,0.90,0.75,0.100,32,25.58,15.2135,3
2219,Boulder,Centro,0.90,0.75,0.100,64,24.85,4.7622,2
2220,Boulder,Centro,0.90,0.75,0.100,128,30.10,15.9877,5
2221,Boulder,Centro,0.90,0.75,0.160,16,25.43,7.5638,3
2222,Boulder,Centro,0.90,0.75,0.160,32,25.42,16.6349,2
2223,Boulder,Centro,0.90,0.75,0.160,64,25.87,15.7125,2
2224,Boulder,Centro,0.90,0.75,0.160,128,28.63,6.4429,5
2225,Boulder,Centro,0.90,1.00,0.020,16,25.16,4.8456,519
2226,Boulder,Centro,0.90,1.00,0.020,32,25.01,6.1700,61
2227,Boulder,Centro,0.90,1.00,0.020,64,24.80,7.3176,11
2228,Boulder,Centro,0.90,1.00,0.020,128,24.07,8.4702,8
2229,Boulder,Centro,0.90,1.00,0.050,16,24.93,6.0602,42
2230,Boulder,Centro,0.90,1.00,0.050,32,24.38,6.1415,7
2231,Boulder,Centro,0.90,1.00,0.050,64,24.12,9.1181,3
2232,Boulder,Centro,0.90,1.00,0.050,128,23.26,7.8252,2
2233,Boulder,Centro,0.90,1.00,0.100,16,24.52,5.9364,15
2234,Boulder,Centro,0.90,1.00,0.100,32,24.11,9.0938,3
2235,Boulder,Centro,0.90,1.00,0.100,64,23.26,7.8252,2
2236,Boulder,Centro,0.90,1.00,0.100,128,27.97,7.1364,2
2237,Boulder,Centro,0.90,1.00,0.160,16,24.02,8.5874,3
2238,Boulder,Centro,0.90,1.00,0.160,32,23.81,9.5404,6
2239,Boulder,Centro,0.90,1.00,0.160,64,24.46,7.2692,2
2240,Boulder,Centro,0.90,1.00,0.160,128,28.29,6.6810,2
2241,Boulder,Centro,0.95,0.01,0.020,16,26.83,6.2153,371
2242,Boulder,Centro,0.95,0.01,0.020,32,27.90,12.1454,35
2243,Boulder,Centro,0.95,0.01,0.020,64,26.21,13.5158,7
2244,Boulder,Centro,0.95,0.01,0.020,128,24.07,8.4702,7
2245,Boulder,Centro,0.95,0.01,0.050,16,26.67,12.4488,24
2246,Boulder,Centro,0.95,0.01,0.050,32,26.06,10.1290,5
2247,Boulder,Centro,0.95,0.01,0.050,64,25.33,10.0156,3
2248,Boulder,Centro,0.95,0.01,0.050,128,23.26,7.8252,2
2249,Boulder,Centro,0.95,0.01,0.100,16,25.74,12.5200,5
2250,Boulder,Centro,0.95,0.01,0.100,32,25.31,9.9225,10
2251,Boulder,Centro,0.95,0.01,0.100,64,23.26,7.8252,2
2252,Boulder,Centro,0.95,0.01,0.100,128,30.10,15.9877,2
2253,Boulder,Centro,0.95,0.01,0.160,16,24.02,8.5874,3
2254,Boulder,Centro,0.95,0.01,0.160,32,25.42,16.6349,2
2255,Boulder,Centro,0.95,0.01,0.160,64,25.87,15.7125,5
2256,Boulder,Centro,0.95,0.01,0.160,128,30.28,15.9146,2
2257,Boulder,Centro,0.95,0.50,0.020,16,26.83,6.2153,365
2258,Boulder,Centro,0.95,0.50,0.020,32,27.90,12.1454,34
2259,Boulder,Centro,0.95,0.50,0.020,64,26.21,13.5158,7
2260,Boulder,Centro,0.95,0.50,0.020,128,24.07,8.4702,3
2261,Boulder,Centro,0.95,0.50,0.050,16,26.67,12.4488,24
2262,Boulder,Centro,0.95,0.50,0.050,32,26.06,10.1290,5
2263,Boulder,Centro,0.95,0.50,0.050,64,25.33,10.0156,6
2264,Boulder,Centro,0.95,0.50,0.050,128,23.26,7.8252,2
2265,Boulder,Centro,0.95,0.50,0.100,16,25.74,12.5200,5
2266,Boulder,Centro,0.95,0.50,0.100,32,25.31,9.9225,3
2267,Boulder,Centro,0.95,0.50,0.100,64,23.26,7.8252,6
2268,Boulder,Centro,0.95,0.50,0.100,128,30.10,15.9877,2
2269,Boulder,Centro,0.95,0.50,0.160,16,24.02,8.5874,3
2270,Boulder,Centro,0.95,0.50,0.160,32,25.42,16.6349,2
2271,Boulder,Centro,0.95,0.50,0.160,64,25.87,15.7125,2
2272,Boulder,Centro,0.95,0.50,0.160,128,30.28,15.9146,6
2273,Boulder,Centro,0.95,0.75,0.020,16,26.83,6.1643,422
2274,Boulder,Centro,0.95,0.75,0.020,32,26.58,7.4981,45
2275,Boulder,Centro,0.95,0.75,0.020,64,26.19,13.5158,8
2276,Boulder,Centro,0.95,0.75,0.020,128,24.07,8.4702,10
2277,Boulder,Centro,0.95,0.75,0.050,16,26.68,12.4646,27
2278,Boulder,Centro,0.95,0.75,0.050,32,26.06,10.1290,6
2279,Boulder,Centro,0.95,0.75,0.050,64,25.37,10.2031,3
2280,Boulder,Centro,0.95,0.75,0.050,128,23.26,7.8252,2
2281,Boulder,Centro,0.95,0.75,0.100,16,25.74,12.5200,5
2282,Boulder,Centro,0.95,0.75,0.100,32,25.31,9.9225,8
2283,Boulder,Centro,0.95,0.75,0.100,64,23.26,7.8252,2
2284,Boulder,Centro,0.95,0.75,0.100,128,30.10,15.9877,2
2285,Boulder,Centro,0.95,0.75,0.160,16,24.02,8.5874,3
2286,Boulder,Centro,0.95,0.75,0.160,32,25.42,16.6349,2
2287,Boulder,Centro,0.95,0.75,0.160,64,25.87,15.7125,6
2288,Boulder,Centro,0.95,0.75,0.160,128,28.63,6.4429,2
2289,Boulder,Centro,0.95,1.00,0.020,16,25.16,4.8456,510
2290,Boulder,Centro,0.95,1.00,0.020,32,25.01,6.1700,58
2291,Boulder,Centro,0.95,1.00,0.020,64,24.80,7.3176,11
2292,Boulder,Centro,0.95,1.00,0.020,128,24.07,8.4702,3
2293,Boulder,Centro,0.95,1.00,0.050,16,24.93,6.0602,38
2294,Boulder,Centro,0.95,1.00,0.050,32,24.38,6.1415,10
2295,Boulder,Centro,0.95,1.00,0.050,64,24.12,9.1181,3
2296,Boulder,Centro,0.95,1.00,0.050,128,23.26,7.8252,2
2297,Boulder,Centro,0.95,1.00,0.100,16,24.52,5.9364,7
2298,Boulder,Centro,0.95,1.00,0.100,32,24.11,9.0938,3
2299,Boulder,Centro,0.95,1.00,0.100,64,23.26,7.8252,7
2300,Boulder,Centro,0.95,1.00,0.100,128,27.97,7.1364,2
2301,Boulder,Centro,0.95,1.00,0.160,16,24.02,8.5874,3
2302,Boulder,Centro,0.95,1.00,0.160,32,23.81,9.5404,2
2303,Boulder,Centro,0.95,1.00,0.160,64,24.46,7.2692,2
2304,Boulder,Centro,0.95,1.00,0.160,128,28.29,6.6810,9
2305,Forest,Centro,0.50,0.01,0.020,16,23.56,11.0198,85
2306,Forest,Centro,0.50,0.01,0.020,32,23.31,12.0233,18
2307,Forest,Centro,0.50,0.01,0.020,64,22.49,13.5246,8
2308,Forest,Centro,0.50,0.01,0.020,128,22.21,14.4054,2
2309,Forest,Centro,0.50,0.01,0.050,16,23.36,11.9709,16
2310,Forest,Centro,0.50,0.01,0.050,32,23.46,11.8667,4
2311,Forest,Centro,0.50,0.01,0.050,64,23.80,14.2973,1
2312,Forest,Centro,0.50,0.01,0.050,128,21.98,16.6774,1
2313,Forest,Centro,0.50,0.01,0.100,16,23.65,11.9667,3
2314,Forest,Centro,0.50,0.01,0.100,32,23.24,14.4872,4
2315,Forest,Centro,0.50,0.01,0.100,64,21.97,16.6774,1
2316,Forest,Centro,0.50,0.01,0.100,128,21.57,13.5714,0
2317,Forest,Centro,0.50,0.01,0.160,16,22.16,14.4054,1
2318,Forest,Centro,0.50,0.01,0.160,32,24.99,16.2667,1
2319,Forest,Centro,0.50,0.01,0.160,64,24.23,13.0323,0
2320,Forest,Centro,0.50,0.01,0.160,128,22.64,14.1923,0
2321,Forest,Centro,0.50,0.50,0.020,16,23.56,11.0198,86
2322,Forest,Centro,0.50,0.50,0.020,32,23.31,12.0233,18
2323,Forest,Centro,0.50,0.50,0.020,64,22.49,13.5246,5
2324,Forest,Centro,0.50,0.50,0.020,128,22.21,14.4054,2
2325,Forest,Centro,0.50,0.50,0.050,16,23.30,11.9709,13
2326,Forest,Centro,0.50,0.50,0.050,32,23.48,11.8667,4
2327,Forest,Centro,0.50,0.50,0.050,64,23.80,14.2973,5
2328,Forest,Centro,0.50,0.50,0.050,128,21.98,16.6774,1
2329,Forest,Centro,0.50,0.50,0.100,16,23.69,12.2034,3
2330,Forest,Centro,0.50,0.50,0.100,32,23.24,14.4872,1
2331,Forest,Centro,0.50,0.50,0.100,64,21.97,16.6774,1
2332,Forest,Centro,0.50,0.50,0.100,128,21.57,13.5714,0
2333,Forest,Centro,0.50,0.50,0.160,16,22.16,14.4054,5
2334,Forest,Centro,0.50,0.50,0.160,32,24.99,16.2667,1
2335,Forest,Centro,0.50,0.50,0.160,64,24.23,13.0323,1
2336,Forest,Centro,0.50,0.50,0.160,128,22.64,14.1923,0
2337,Forest,Centro,0.50,0.75,0.020,16,23.56,10.9333,120
2338,Forest,Centro,0.50,0.75,0.020,32,23.25,11.4444,25
2339,Forest,Centro,0.50,0.75,0.020,64,22.48,13.0952,13
2340,Forest,Centro,0.50,0.75,0.020,128,22.18,12.8537,2
2341,Forest,Centro,0.50,0.75,0.050,16,23.39,10.9554,26
2342,Forest,Centro,0.50,0.75,0.050,32,23.40,11.4516,5
2343,Forest,Centro,0.50,0.75,0.050,64,23.63,13.4359,2
2344,Forest,Centro,0.50,0.75,0.050,128,21.88,14.1944,1
2345,Forest,Centro,0.50,0.75,0.100,16,23.41,11.4516,8
2346,Forest,Centro,0.50,0.75,0.100,32,23.07,13.6585,2
2347,Forest,Centro,0.50,0.75,0.100,64,21.87,14.1944,1
2348,Forest,Centro,0.50,0.75,0.100,128,21.57,13.5714,0
2349,Forest,Centro,0.50,0.75,0.160,16,22.14,12.8537,2
2350,Forest,Centro,0.50,0.75,0.160,32,24.99,16.2667,1
2351,Forest,Centro,0.50,0.75,0.160,64,24.23,13.0323,0
2352,Forest,Centro,0.50,0.75,0.160,128,22.64,14.1923,0
2353,Forest,Centro,0.50,1.00,0.020,16,22.03,3.2343,452
2354,Forest,Centro,0.50,1.00,0.020,32,21.50,3.5806,68
2355,Forest,Centro,0.50,1.00,0.020,64,21.61,4.5337,11
2356,Forest,Centro,0.50,1.00,0.020,128,21.72,7.3768,3
2357,Forest,Centro,0.50,1.00,0.050,16,21.94,4.4221,38
2358,Forest,Centro,0.50,1.00,0.050,32,22.30,6.6154,14
2359,Forest,Centro,0.50,1.00,0.050,64,22.88,8.5091,3
2360,Forest,Centro,0.50,1.00,0.050,128,21.26,13.5278,1
2361,Forest,Centro,0.50,1.00,0.100,16,22.29,6.6990,8
2362,Forest,Centro,0.50,1.00,0.100,32,22.50,8.1250,3
2363,Forest,Centro,0.50,1.00,0.100,64,21.25,13.5278,1
2364,Forest,Centro,0.50,1.00,0.100,128,21.22,11.5152,4
2365,Forest,Centro,0.50,1.00,0.160,16,21.69,7.3768,3
2366,Forest,Centro,0.50,1.00,0.160,32,24.06,9.6000,2
2367,Forest,Centro,0.50,1.00,0.160,64,23.77,12.1250,1
2368,Forest,Centro,0.50,1.00,0.160,128,22.33,11.9032,0
2369,Forest,Centro,0.75,0.01,0.020,16,23.56,11.0198,89
2370,Forest,Centro,0.75,0.01,0.020,32,23.31,12.0233,18
2371,Forest,Centro,0.75,0.01,0.020,64,22.49,13.5246,5
2372,Forest,Centro,0.75,0.01,0.020,128,22.21,14.4054,2
2373,Forest,Centro,0.75,0.01,0.050,16,23.36,11.9709,19
2374,Forest,Centro,0.75,0.01,0.050,32,23.46,11.8667,3
2375,Forest,Centro,0.75,0.01,0.050,64,23.80,14.2973,1
2376,Forest,Centro,0.75,0.01,0.050,128,21.98,16.6774,1
2377,Forest,Centro,0.75,0.01,0.100,16,23.65,11.9667,3
2378,Forest,Centro,0.75,0.01,0.100,32,23.24,14.4872,1
2379,Forest,Centro,0.75,0.01,0.100,64,21.97,16.6774,4
2380,Forest,Centro,0.75,0.01,0.100,128,21.57,13.5714,0
2381,Forest,Centro,0.75,0.01,0.160,16,22.16,14.4054,2
2382,Forest,Centro,0.75,0.01,0.160,32,24.99,16.2667,1
2383,Forest,Centro,0.75,0.01,0.160,64,24.23,13.0323,0
2384,Forest,Centro,0.75,0.01,0.160,128,22.64,14.1923,0
2385,Forest,Centro,0.75,0.50,0.020,16,23.56,11.0198,94
2386,Forest,Centro,0.75,0.50,0.020,32,23.31,12.0233,18
2387,Forest,Centro,0.75,0.50,0.020,64,22.49,13.5246,5
2388,Forest,Centro,0.75,0.50,0.020,128,22.21,14.4054,7
2389,Forest,Centro,0.75,0.50,0.050,16,23.30,11.9709,13
2390,Forest,Centro,0.75,0.50,0.050,32,23.48,11.8667,3
2391,Forest,Centro,0.75,0.50,0.050,64,23.80,14.2973,2
2392,Forest,Centro,0.75,0.50,0.050,128,21.98,16.6774,1
2393,Forest,Centro,0.75,0.50,0.100,16,23.69,12.2034,3
2394,Forest,Centro,0.75,0.50,0.100,32,23.24,14.4872,1
2395,Forest,Centro,0.75,0.50,0.100,64,21.97,16.6774,1
2396,Forest,Centro,0.75,0.50,0.100,128,21.57,13.5714,0
2397,Forest,Centro,0.75,0.50,0.160,16,22.16,14.4054,2
2398,Forest,Centro,0.75,0.50,0.160,32,24.99,16.2667,1
2399,Forest,Centro,0.75,0.50,0.160,64,24.23,13.0323,0
2400,Forest,Centro,0.75,0.50,0.160,128,22.64,14.1923,0
2401,Forest,Centro,0.75,0.75,0.020,16,23.56,10.9333,123
2402,Forest,Centro,0.75,0.75,0.020,32,23.25,11.4444,39
2403,Forest,Centro,0.75,0.75,0.020,64,22.48,13.0952,5
2404,Forest,Centro,0.75,0.75,0.020,128,22.18,12.8537,2
2405,Forest,Centro,0.75,0.75,0.050,16,23.39,10.9554,24
2406,Forest,Centro,0.75,0.75,0.050,32,23.40,11.4516,5
2407,Forest,Centro,0.75,0.75,0.050,64,23.63,13.4359,2
2408,Forest,Centro,0.75,0.75,0.050,128,21.88,14.1944,1
2409,Forest,Centro,0.75,0.75,0.100,16,23.41,11.4516,7
2410,Forest,Centro,0.75,0.75,0.100,32,23.07,13.6585,2
2411,Forest,Centro,0.75,0.75,0.100,64,21.87,14.1944,1
2412,Forest,Centro,0.75,0.75,0.100,128,21.57,13.5714,0
2413,Forest,Centro,0.75,0.75,0.160,16,22.14,12.8537,2
2414,Forest,Centro,0.75,0.75,0.160,32,24.99,16.2667,1
2415,Forest,Centro,0.75,0.75,0.160,64,24.23,13.0323,0
2416,Forest,Centro,0.75,0.75,0.160,128,22.64,14.1923,0
2417,Forest,Centro,0.75,1.00,0.020,16,22.03,3.2343,434
2418,Forest,Centro,0.75,1.00,0.020,32,21.50,3.5806,68
2419,Forest,Centro,0.75,1.00,0.020,64,21.61,4.5337,12
2420,Forest,Centro,0.75,1.00,0.020,128,21.72,7.3768,3
2421,Forest,Centro,0.75,1.00,0.050,16,21.94,4.4221,38
2422,Forest,Centro,0.75,1.00,0.050,32,22.30,6.6154,12
2423,Forest,Centro,0.75,1.00,0.050,64,22.88,8.5091,4
2424,Forest,Centro,0.75,1.00,0.050,128,21.26,13.5278,1
2425,Forest,Centro,0.75,1.00,0.100,16,22.29,6.6990,8
2426,Forest,Centro,0.75,1.00,0.100,32,22.50,8.1250,3
2427,Forest,Centro,0.75,1.00,0.100,64,21.25,13.5278,1
2428,Forest,Centro,0.75,1.00,0.100,128,21.22,11.5152,0
2429,Forest,Centro,0.75,1.00,0.160,16,21.69,7.3768,3
2430,Forest,Centro,0.75,1.00,0.160,32,24.06,9.6000,2
2431,Forest,Centro,0.75,1.00,0.160,64,23.77,12.1250,1
2432,Forest,Centro,0.75,1.00,0.160,128,22.33,11.9032,0
2433,Forest,Centro,0.90,0.01,0.020,16,23.56,11.0198,99
2434,Forest,Centro,0.90,0.01,0.020,32,23.31,12.0233,19
2435,Forest,Centro,0.90,0.01,0.020,64,22.49,13.5246,5
2436,Forest,Centro,0.90,0.01,0.020,128,22.21,14.4054,2
2437,Forest,Centro,0.90,0.01,0.050,16,23.20,11.8173,17
2438,Forest,Centro,0.90,0.01,0.050,32,23.46,11.8667,4
2439,Forest,Centro,0.90,0.01,0.050,64,23.78,14.2973,2
2440,Forest,Centro,0.90,0.01,0.050,128,21.98,16.6774,1
2441,Forest,Centro,0.90,0.01,0.100,16,23.65,11.9667,4
2442,Forest,Centro,0.90,0.01,0.100,32,23.22,14.4872,5
2443,Forest,Centro,0.90,0.01,0.100,64,21.97,16.6774,1
2444,Forest,Centro,0.90,0.01,0.100,128,21.57,13.5714,0
2445,Forest,Centro,0.90,0.01,0.160,16,22.16,14.4054,2
2446,Forest,Centro,0.90,0.01,0.160,32,24.99,16.2667,1
2447,Forest,Centro,0.90,0.01,0.160,64,24.23,13.0323,0
2448,Forest,Centro,0.90,0.01,0.160,128,22.64,14.1923,0
2449,Forest,Centro,0.90,0.50,0.020,16,23.56,11.0198,99
2450,Forest,Centro,0.90,0.50,0.020,32,23.31,12.0233,19
2451,Forest,Centro,0.90,0.50,0.020,64,22.49,13.5246,5
2452,Forest,Centro,0.90,0.50,0.020,128,22.21,14.4054,2
2453,Forest,Centro,0.90,0.50,0.050,16,23.22,11.8173,17
2454,Forest,Centro,0.90,0.50,0.050,32,23.48,11.8667,4
2455,Forest,Centro,0.90,0.50,0.050,64,23.78,14.2973,2
2456,Forest,Centro,0.90,0.50,0.050,128,21.98,16.6774,1
2457,Forest,Centro,0.90,0.50,0.100,16,23.69,12.2034,7
2458,Forest,Centro,0.90,0.50,0.100,32,23.22,14.4872,1
2459,Forest,Centro,0.90,0.50,0.100,64,21.97,16.6774,1
2460,Forest,Centro,0.90,0.50,0.100,128,21.57,13.5714,0
2461,Forest,Centro,0.90,0.50,0.160,16,22.16,14.4054,2
2462,Forest,Centro,0.90,0.50,0.160,32,24.99,16.2667,1
2463,Forest,Centro,0.90,0.50,0.160,64,24.23,13.0323,0
2464,Forest,Centro,0.90,0.50,0.160,128,22.64,14.1923,0
2465,Forest,Centro,0.90,0.75,0.020,16,23.56,10.9333,130
2466,Forest,Centro,0.90,0.75,0.020,32,23.27,11.6316,43
2467,Forest,Centro,0.90,0.75,0.020,64,22.49,13.5246,5
2468,Forest,Centro,0.90,0.75,0.020,128,22.25,12.9512,2
2469,Forest,Centro,0.90,0.75,0.050,16,23.28,11.2385,20
2470,Forest,Centro,0.90,0.75,0.050,32,23.40,11.4516,8
2471,Forest,Centro,0.90,0.75,0.050,64,23.66,13.4615,2
2472,Forest,Centro,0.90,0.75,0.050,128,21.88,14.1944,1
2473,Forest,Centro,0.90,0.75,0.100,16,23.48,11.4839,5
2474,Forest,Centro,0.90,0.75,0.100,32,23.10,13.6829,2
2475,Forest,Centro,0.90,0.75,0.100,64,21.87,14.1944,1
2476,Forest,Centro,0.90,0.75,0.100,128,21.57,13.5714,0
2477,Forest,Centro,0.90,0.75,0.160,16,22.21,12.9512,6
2478,Forest,Centro,0.90,0.75,0.160,32,24.99,16.2667,1
2479,Forest,Centro,0.90,0.75,0.160,64,24.23,13.0323,0
2480,Forest,Centro,0.90,0.75,0.160,128,22.64,14.1923,0
2481,Forest,Centro,0.90,1.00,0.020,16,22.03,3.2343,443
2482,Forest,Centro,0.90,1.00,0.020,32,21.50,3.5806,64
2483,Forest,Centro,0.90,1.00,0.020,64,21.61,4.5337,19
2484,Forest,Centro,0.90,1.00,0.020,128,21.72,7.3768,3
2485,Forest,Centro,0.90,1.00,0.050,16,21.94,4.4221,46
2486,Forest,Centro,0.90,1.00,0.050,32,22.30,6.6154,8
2487,Forest,Centro,0.90,1.00,0.050,64,22.88,8.5091,3
2488,Forest,Centro,0.90,1.00,0.050,128,21.26,13.5278,1
2489,Forest,Centro,0.90,1.00,0.100,16,22.29,6.6990,16
2490,Forest,Centro,0.90,1.00,0.100,32,22.50,8.1250,3
2491,Forest,Centro,0.90,1.00,0.100,64,21.25,13.5278,1
2492,Forest,Centro,0.90,1.00,0.100,128,21.22,11.5152,0
2493,Forest,Centro,0.90,1.00,0.160,16,21.69,7.3768,3
2494,Forest,Centro,0.90,1.00,0.160,32,24.06,9.6000,2
2495,Forest,Centro,0.90,1.00,0.160,64,23.77,12.1250,1
2496,Forest,Centro,0.90,1.00,0.160,128,22.33,11.9032,0
2497,Forest,Centro,0.95,0.01,0.020,16,23.07,10.0366,143
2498,Forest,Centro,0.95,0.01,0.020,32,22.54,9.7857,24
2499,Forest,Centro,0.95,0.01,0.020,64,22.17,11.3472,5
2500,Forest,Centro,0.95,0.01,0.020,128,22.21,14.4054,2
2501,Forest,Centro,0.95,0.01,0.050,16,23.40,12.2900,21
2502,Forest,Centro,0.95,0.01,0.050,32,22.61,7.2526,6
2503,Forest,Centro,0.95,0.01,0.050,64,23.71,13.7632,6
2504,Forest,Centro,0.95,0.01,0.050,128,21.65,14.2500,1
2505,Forest,Centro,0.95,0.01,0.100,16,22.55,7.3511,6
2506,Forest,Centro,0.95,0.01,0.100,32,23.15,13.9750,2
2507,Forest,Centro,0.95,0.01,0.100,64,21.64,14.2500,1
2508,Forest,Centro,0.95,0.01,0.100,128,21.57,13.5714,0
2509,Forest,Centro,0.95,0.01,0.160,16,22.16,14.4054,2
2510,Forest,Centro,0.95,0.01,0.160,32,24.06,9.6000,1
2511,Forest,Centro,0.95,0.01,0.160,64,24.27,12.1250,0
2512,Forest,Centro,0.95,0.01,0.160,128,22.64,14.1923,0
2513,Forest,Centro,0.95,0.50,0.020,16,23.07,10.0366,131
2514,Forest,Centro,0.95,0.50,0.020,32,22.54,9.7857,25
2515,Forest,Centro,0.95,0.50,0.020,64,22.17,11.3472,6
2516,Forest,Centro,0.95,0.50,0.020,128,22.21,14.4054,2
2517,Forest,Centro,0.95,0.50,0.050,16,23.40,12.2900,25
2518,Forest,Centro,0.95,0.50,0.050,32,22.61,7.2526,6
2519,Forest,Centro,0.95,0.50,0.050,64,23.71,13.7632,2
2520,Forest,Centro,0.95,0.50,0.050,128,21.65,14.2500,1
2521,Forest,Centro,0.95,0.50,0.100,16,22.55,7.3511,6
2522,Forest,Centro,0.95,0.50,0.100,32,23.15,13.9750,6
2523,Forest,Centro,0.95,0.50,0.100,64,21.64,14.2500,1
2524,Forest,Centro,0.95,0.50,0.100,128,21.57,13.5714,0
2525,Forest,Centro,0.95,0.50,0.160,16,22.16,14.4054,2
2526,Forest,Centro,0.95,0.50,0.160,32,24.06,9.6000,1
2527,Forest,Centro,0.95,0.50,0.160,64,24.27,12.1250,0
2528,Forest,Centro,0.95,0.50,0.160,128,22.64,14.1923,0
2529,Forest,Centro,0.95,0.75,0.020,16,23.07,10.0366,147
2530,Forest,Centro,0.95,0.75,0.020,32,22.54,9.7857,36
2531,Forest,Centro,0.95,0.75,0.020,64,22.17,11.3472,6
2532,Forest,Centro,0.95,0.75,0.020,128,22.21,14.4054,2
2533,Forest,Centro,0.95,0.75,0.050,16,23.37,12.2900,25
2534,Forest,Centro,0.95,0.75,0.050,32,22.61,7.2526,10
2535,Forest,Centro,0.95,0.75,0.050,64,23.67,13.7368,2
2536,Forest,Centro,0.95,0.75,0.050,128,21.56,14.0833,1
2537,Forest,Centro,0.95,0.75,0.100,16,22.55,7.3511,6
2538,Forest,Centro,0.95,0.75,0.100,32,23.11,13.9500,2
2539,Forest,Centro,0.95,0.75,0.100,64,21.55,14.0833,4
2540,Forest,Centro,0.95,0.75,0.100,128,21.57,13.5714,0
2541,Forest,Centro,0.95,0.75,0.160,16,22.16,14.4054,2
2542,Forest,Centro,0.95,0.75,0.160,32,24.06,9.6000,1
2543,Forest,Centro,0.95,0.75,0.160,64,24.27,12.1250,0
2544,Forest,Centro,0.95,0.75,0.160,128,22.64,14.1923,0
2545,Forest,Centro,0.95,1.00,0.020,16,22.03,3.2343,427
2546,Forest,Centro,0.95,1.00,0.020,32,21.50,3.5806,66
2547,Forest,Centro,0.95,1.00,0.020,64,21.61,4.5337,17
2548,Forest,Centro,0.95,1.00,0.020,128,21.72,7.3768,3
2549,Forest,Centro,0.95,1.00,0.050,16,21.94,4.4221,47
2550,Forest,Centro,0.95,1.00,0.050,32,22.30,6.6154,8
2551,Forest,Centro,0.95,1.00,0.050,64,22.88,8.5091,6
2552,Forest,Centro,0.95,1.00,0.050,128,21.26,13.5278,1
2553,Forest,Centro,0.95,1.00,0.100,16,22.29,6.6990,8
2554,Forest,Centro,0.95,1.00,0.100,32,22.50,8.1250,3
2555,Forest,Centro,0.95,1.00,0.100,64,21.25,13.5278,1
2556,Forest,Centro,0.95,1.00,0.100,128,21.22,11.5152,0
2557,Forest,Centro,0.95,1.00,0.160,16,21.69,7.3768,7
2558,Forest,Centro,0.95,1.00,0.160,32,24.06,9.6000,2
2559,Forest,Centro,0.95,1.00,0.160,64,23.77,12.1250,1
2560,Forest,Centro,0.95,1.00,0.160,128,22.33,11.9032,0
2561,Broken Rock,Centro,0.50,0.01,0.020,16,29.52,10.6844,163
2562,Broken Rock,Centro,0.50,0.01,0.020,32,28.70,12.6556,29
2563,Broken Rock,Centro,0.50,0.01,0.020,64,27.09,14.5443,9
2564,Broken Rock,Centro,0.50,0.01,0.020,128,26.58,15.5179,2
2565,Broken Rock,Centro,0.50,0.01,0.050,16,28.18,12.1963,16
2566,Broken Rock,Centro,0.50,0.01,0.050,32,26.47,12.0385,3
2567,Broken Rock,Centro,0.50,0.01,0.050,64,25.47,13.9105,2
2568,Broken Rock,Centro,0.50,0.01,0.050,128,25.19,15.3900,2
2569,Broken Rock,Centro,0.50,0.01,0.100,16,26.41,12.7755,3
2570,Broken Rock,Centro,0.50,0.01,0.100,32,25.46,13.9105,2
2571,Broken Rock,Centro,0.50,0.01,0.100,64,25.18,15.3900,7
2572,Broken Rock,Centro,0.50,0.01,0.100,128,28.61,15.6000,1
2573,Broken Rock,Centro,0.50,0.01,0.160,16,26.60,15.5179,2
2574,Broken Rock,Centro,0.50,0.01,0.160,32,25.44,15.0426,1
2575,Broken Rock,Centro,0.50,0.01,0.160,64,26.22,13.5909,1
2576,Broken Rock,Centro,0.50,0.01,0.160,128,31.19,15.4478,1
2577,Broken Rock,Centro,0.50,0.50,0.020,16,29.52,10.6844,148
2578,Broken Rock,Centro,0.50,0.50,0.020,32,28.20,11.9172,29
2579,Broken Rock,Centro,0.50,0.50,0.020,64,27.09,14.5443,5
2580,Broken Rock,Centro,0.50,0.50,0.020,128,26.55,15.5179,2
2581,Broken Rock,Centro,0.50,0.50,0.050,16,28.10,12.1963,16
2582,Broken Rock,Centro,0.50,0.50,0.050,32,26.41,11.5926,6
2583,Broken Rock,Centro,0.50,0.50,0.050,64,25.53,13.7059,2
2584,Broken Rock,Centro,0.50,0.50,0.050,128,25.18,16.2400,2
2585,Broken Rock,Centro,0.50,0.50,0.100,16,26.41,12.7755,3
2586,Broken Rock,Centro,0.50,0.50,0.100,32,25.52,13.7059,2
2587,Broken Rock,Centro,0.50,0.50,0.100,64,25.18,16.2400,6
2588,Broken Rock,Centro,0.50,0.50,0.100,128,28.61,15.6000,1
2589,Broken Rock,Centro,0.50,0.50,0.160,16,26.59,15.5179,2
2590,Broken Rock,Centro,0.50,0.50,0.160,32,25.44,15.0426,1
2591,Broken Rock,Centro,0.50,0.50,0.160,64,26.22,13.5909,1
2592,Broken Rock,Centro,0.50,0.50,0.160,128,31.19,15.4478,1
2593,Broken Rock,Centro,0.50,0.75,0.020,16,29.57,10.6844,291
2594,Broken Rock,Centro,0.50,0.75,0.020,32,27.99,11.5938,37
2595,Broken Rock,Centro,0.50,0.75,0.020,64,26.62,12.5222,12
2596,Broken Rock,Centro,0.50,0.75,0.020,128,25.94,8.1776,3
2597,Broken Rock,Centro,0.50,0.75,0.050,16,27.33,10.9652,31
2598,Broken Rock,Centro,0.50,0.75,0.050,32,26.47,11.5926,5
2599,Broken Rock,Centro,0.50,0.75,0.050,64,25.44,14.7164,2
2600,Broken Rock,Centro,0.50,0.75,0.050,128,25.18,16.2400,7
2601,Broken Rock,Centro,0.50,0.75,0.100,16,26.41,12.7755,5
2602,Broken Rock,Centro,0.50,0.75,0.100,32,25.43,14.7164,2
2603,Broken Rock,Centro,0.50,0.75,0.100,64,25.18,16.2400,2
2604,Broken Rock,Centro,0.50,0.75,0.100,128,28.61,15.6000,5
2605,Broken Rock,Centro,0.50,0.75,0.160,16,25.97,8.1776,4
2606,Broken Rock,Centro,0.50,0.75,0.160,32,24.05,8.3413,2
2607,Broken Rock,Centro,0.50,0.75,0.160,64,26.22,13.5909,1
2608,Broken Rock,Centro,0.50,0.75,0.160,128,29.58,6.4727,1
2609,Broken Rock,Centro,0.50,1.00,0.020,16,26.99,4.8080,598
2610,Broken Rock,Centro,0.50,1.00,0.020,32,26.22,5.4337,67
2611,Broken Rock,Centro,0.50,1.00,0.020,64,25.51,6.3539,12
2612,Broken Rock,Centro,0.50,1.00,0.020,128,24.93,7.4924,4
2613,Broken Rock,Centro,0.50,1.00,0.050,16,25.13,5.4534,42
2614,Broken Rock,Centro,0.50,1.00,0.050,32,25.16,5.7931,10
2615,Broken Rock,Centro,0.50,1.00,0.050,64,24.29,8.3495,3
2616,Broken Rock,Centro,0.50,1.00,0.050,128,24.13,10.0709,2
2617,Broken Rock,Centro,0.50,1.00,0.100,16,25.09,6.7400,7
2618,Broken Rock,Centro,0.50,1.00,0.100,32,24.28,8.3173,2
2619,Broken Rock,Centro,0.50,1.00,0.100,64,24.12,10.0709,5
2620,Broken Rock,Centro,0.50,1.00,0.100,128,27.77,7.0909,2
2621,Broken Rock,Centro,0.50,1.00,0.160,16,24.96,7.4924,4
2622,Broken Rock,Centro,0.50,1.00,0.160,32,24.06,8.0290,3
2623,Broken Rock,Centro,0.50,1.00,0.160,64,24.88,6.7899,1
2624,Broken Rock,Centro,0.50,1.00,0.160,128,29.06,6.8970,1
2625,Broken Rock,Centro,0.75,0.01,0.020,16,29.52,10.6844,152
2626,Broken Rock,Centro,0.75,0.01,0.020,32,28.70,12.6556,22
2627,Broken Rock,Centro,0.75,0.01,0.020,64,27.09,14.5443,5
2628,Broken Rock,Centro,0.75,0.01,0.020,128,26.58,15.5179,5
2629,Broken Rock,Centro,0.75,0.01,0.050,16,28.18,12.1963,15
2630,Broken Rock,Centro,0.75,0.01,0.050,32,26.47,12.0385,3
2631,Broken Rock,Centro,0.75,0.01,0.050,64,25.47,13.9105,2
2632,Broken Rock,Centro,0.75,0.01,0.050,128,25.19,15.3900,6
2633,Broken Rock,Centro,0.75,0.01,0.100,16,26.41,12.7755,3
2634,Broken Rock,Centro,0.75,0.01,0.100,32,25.46,13.9105,2
2635,Broken Rock,Centro,0.75,0.01,0.100,64,25.18,15.3900,2
2636,Broken Rock,Centro,0.75,0.01,0.100,128,28.61,15.6000,1
2637,Broken Rock,Centro,0.75,0.01,0.160,16,26.60,15.5179,2
2638,Broken Rock,Centro,0.75,0.01,0.160,32,25.44,15.0426,4
2639,Broken Rock,Centro,0.75,0.01,0.160,64,26.22,13.5909,1
2640,Broken Rock,Centro,0.75,0.01,0.160,128,31.19,15.4478,1
2641,Broken Rock,Centro,0.75,0.50,0.020,16,29.52,10.6844,144
2642,Broken Rock,Centro,0.75,0.50,0.020,32,28.20,11.9172,22
2643,Broken Rock,Centro,0.75,0.50,0.020,64,27.09,14.5443,5
2644,Broken Rock,Centro,0.75,0.50,0.020,128,26.55,15.5179,2
2645,Broken Rock,Centro,0.75,0.50,0.050,16,28.10,12.1963,31
2646,Broken Rock,Centro,0.75,0.50,0.050,32,26.41,11.5926,3
2647,Broken Rock,Centro,0.75,0.50,0.050,64,25.53,13.7059,2
2648,Broken Rock,Centro,0.75,0.50,0.050,128,25.18,16.2400,2
2649,Broken Rock,Centro,0.75,0.50,0.100,16,26.41,12.7755,7
2650,Broken Rock,Centro,0.75,0.50,0.100,32,25.52,13.7059,2
2651,Broken Rock,Centro,0.75,0.50,0.100,64,25.18,16.2400,2
2652,Broken Rock,Centro,0.75,0.50,0.100,128,28.61,15.6000,1
2653,Broken Rock,Centro,0.75,0.50,0.160,16,26.59,15.5179,2
2654,Broken Rock,Centro,0.75,0.50,0.160,32,25.44,15.0426,5
2655,Broken Rock,Centro,0.75,0.50,0.160,64,26.22,13.5909,1
2656,Broken Rock,Centro,0.75,0.50,0.160,128,31.19,15.4478,1
2657,Broken Rock,Centro,0.75,0.75,0.020,16,29.57,10.6844,303
2658,Broken Rock,Centro,0.75,0.75,0.020,32,27.99,11.5938,39
2659,Broken Rock,Centro,0.75,0.75,0.020,64,26.62,12.5222,12
2660,Broken Rock,Centro,0.75,0.75,0.020,128,25.94,8.1776,3
2661,Broken Rock,Centro,0.75,0.75,0.050,16,27.33,10.9652,36
2662,Broken Rock,Centro,0.75,0.75,0.050,32,26.47,11.5926,5
2663,Broken Rock,Centro,0.75,0.75,0.050,64,25.44,14.7164,2
2664,Broken Rock,Centro,0.75,0.75,0.050,128,25.18,16.2400,2
2665,Broken Rock,Centro,0.75,0.75,0.100,16,26.41,12.7755,4
2666,Broken Rock,Centro,0.75,0.75,0.100,32,25.43,14.7164,3
2667,Broken Rock,Centro,0.75,0.75,0.100,64,25.18,16.2400,2
2668,Broken Rock,Centro,0.75,0.75,0.100,128,28.61,15.6000,1
2669,Broken Rock,Centro,0.75,0.75,0.160,16,25.97,8.1776,3
2670,Broken Rock,Centro,0.75,0.75,0.160,32,24.05,8.3413,2
2671,Broken Rock,Centro,0.75,0.75,0.160,64,26.22,13.5909,1
2672,Broken Rock,Centro,0.75,0.75,0.160,128,29.58,6.4727,1
2673,Broken Rock,Centro,0.75,1.00,0.020,16,26.99,4.8080,602
2674,Broken Rock,Centro,0.75,1.00,0.020,32,26.22,5.4337,69
2675,Broken Rock,Centro,0.75,1.00,0.020,64,25.51,6.3539,18
2676,Broken Rock,Centro,0.75,1.00,0.020,128,24.93,7.4924,4
2677,Broken Rock,Centro,0.75,1.00,0.050,16,25.13,5.4534,49
2678,Broken Rock,Centro,0.75,1.00,0.050,32,25.16,5.7931,7
2679,Broken Rock,Centro,0.75,1.00,0.050,64,24.29,8.3495,2
2680,Broken Rock,Centro,0.75,1.00,0.050,128,24.13,10.0709,5
2681,Broken Rock,Centro,0.75,1.00,0.100,16,25.09,6.7400,7
2682,Broken Rock,Centro,0.75,1.00,0.100,32,24.28,8.3173,2
2683,Broken Rock,Centro,0.75,1.00,0.100,64,24.12,10.0709,2
2684,Broken Rock,Centro,0.75,1.00,0.100,128,27.77,7.0909,2
2685,Broken Rock,Centro,0.75,1.00,0.160,16,24.96,7.4924,7
2686,Broken Rock,Centro,0.75,1.00,0.160,32,24.06,8.0290,3
2687,Broken Rock,Centro,0.75,1.00,0.160,64,24.88,6.7899,1
2688,Broken Rock,Centro,0.75,1.00,0.160,128,29.06,6.8970,2
2689,Broken Rock,Centro,0.90,0.01,0.020,16,29.54,10.6844,180
2690,Broken Rock,Centro,0.90,0.01,0.020,32,28.72,12.6556,30
2691,Broken Rock,Centro,0.90,0.01,0.020,64,27.09,14.5443,6
2692,Broken Rock,Centro,0.90,0.01,0.020,128,26.65,14.2951,2
2693,Broken Rock,Centro,0.90,0.01,0.050,16,28.05,12.0463,17
2694,Broken Rock,Centro,0.90,0.01,0.050,32,26.04,10.4667,3
2695,Broken Rock,Centro,0.90,0.01,0.050,64,25.47,13.9105,2
2696,Broken Rock,Centro,0.90,0.01,0.050,128,25.19,15.3900,2
2697,Broken Rock,Centro,0.90,0.01,0.100,16,26.36,12.2745,3
2698,Broken Rock,Centro,0.90,0.01,0.100,32,25.46,13.9105,2
2699,Broken Rock,Centro,0.90,0.01,0.100,64,25.18,15.3900,2
2700,Broken Rock,Centro,0.90,0.01,0.100,128,28.61,15.6000,1
2701,Broken Rock,Centro,0.90,0.01,0.160,16,26.67,14.2951,2
2702,Broken Rock,Centro,0.90,0.01,0.160,32,25.24,5.1797,1
2703,Broken Rock,Centro,0.90,0.01,0.160,64,26.22,13.5909,5
2704,Broken Rock,Centro,0.90,0.01,0.160,128,31.19,15.4478,1
2705,Broken Rock,Centro,0.90,0.50,0.020,16,29.56,10.6844,174
2706,Broken Rock,Centro,0.90,0.50,0.020,32,28.67,12.4902,24
2707,Broken Rock,Centro,0.90,0.50,0.020,64,27.09,14.5443,15
2708,Broken Rock,Centro,0.90,0.50,0.020,128,26.63,14.2951,3
2709,Broken Rock,Centro,0.90,0.50,0.050,16,27.95,12.0463,22
2710,Broken Rock,Centro,0.90,0.50,0.050,32,26.04,10.4667,3
2711,Broken Rock,Centro,0.90,0.50,0.050,64,25.47,13.9105,2
2712,Broken Rock,Centro,0.90,0.50,0.050,128,25.19,15.3900,2
2713,Broken Rock,Centro,0.90,0.50,0.100,16,26.41,12.7755,3
2714,Broken Rock,Centro,0.90,0.50,0.100,32,25.46,13.9105,2
2715,Broken Rock,Centro,0.90,0.50,0.100,64,25.18,15.3900,2
2716,Broken Rock,Centro,0.90,0.50,0.100,128,28.61,15.6000,1
2717,Broken Rock,Centro,0.90,0.50,0.160,16,26.67,14.2951,5
2718,Broken Rock,Centro,0.90,0.50,0.160,32,25.74,5.1000,2
2719,Broken Rock,Centro,0.90,0.50,0.160,64,26.22,13.5909,1
2720,Broken Rock,Centro,0.90,0.50,0.160,128,31.19,15.4478,1
2721,Broken Rock,Centro,0.90,0.75,0.020,16,29.54,10.6844,294
2722,Broken Rock,Centro,0.90,0.75,0.020,32,28.20,11.8291,38
2723,Broken Rock,Centro,0.90,0.75,0.020,64,26.68,12.5444,8
2724,Broken Rock,Centro,0.90,0.75,0.020,128,26.01,7.8393,3
2725,Broken Rock,Centro,0.90,0.75,0.050,16,27.19,10.9304,28
2726,Broken Rock,Centro,0.90,0.75,0.050,32,26.01,10.1290,11
2727,Broken Rock,Centro,0.90,0.75,0.050,64,25.44,14.7164,2
2728,Broken Rock,Centro,0.90,0.75,0.050,128,25.18,16.2400,2
2729,Broken Rock,Centro,0.90,0.75,0.100,16,26.41,12.7755,4
2730,Broken Rock,Centro,0.90,0.75,0.100,32,25.43,14.7164,8
2731,Broken Rock,Centro,0.90,0.75,0.100,64,25.18,16.2400,2
2732,Broken Rock,Centro,0.90,0.75,0.100,128,28.61,15.6000,1
2733,Broken Rock,Centro,0.90,0.75,0.160,16,26.03,7.8393,3
2734,Broken Rock,Centro,0.90,0.75,0.160,32,24.05,8.3413,2
2735,Broken Rock,Centro,0.90,0.75,0.160,64,26.22,13.5909,4
2736,Broken Rock,Centro,0.90,0.75,0.160,128,29.58,6.4727,1
2737,Broken Rock,Centro,0.90,1.00,0.020,16,26.99,4.8080,579
2738,Broken Rock,Centro,0.90,1.00,0.020,32,26.22,5.4337,70
2739,Broken Rock,Centro,0.90,1.00,0.020,64,25.51,6.3539,19
2740,Broken Rock,Centro,0.90,1.00,0.020,128,24.93,7.4924,4
2741,Broken Rock,Centro,0.90,1.00,0.050,16,25.13,5.4534,47
2742,Broken Rock,Centro,0.90,1.00,0.050,32,25.16,5.7931,7
2743,Broken Rock,Centro,0.90,1.00,0.050,64,24.29,8.3495,2
2744,Broken Rock,Centro,0.90,1.00,0.050,128,24.13,10.0709,2
2745,Broken Rock,Centro,0.90,1.00,0.100,16,25.09,6.7400,7
2746,Broken Rock,Centro,0.90,1.00,0.100,32,24.28,8.3173,2
2747,Broken Rock,Centro,0.90,1.00,0.100,64,24.12,10.0709,2
2748,Broken Rock,Centro,0.90,1.00,0.100,128,27.77,7.0909,2
2749,Broken Rock,Centro,0.90,1.00,0.160,16,24.96,7.4924,4
2750,Broken Rock,Centro,0.90,1.00,0.160,32,24.06,8.0290,9
2751,Broken Rock,Centro,0.90,1.00,0.160,64,24.88,6.7899,1
2752,Broken Rock,Centro,0.90,1.00,0.160,128,29.06,6.8970,2
2753,Broken Rock,Centro,0.95,0.01,0.020,16,29.82,6.8742,369
2754,Broken Rock,Centro,0.95,0.01,0.020,32,28.10,7.1065,50
2755,Broken Rock,Centro,0.95,0.01,0.020,64,26.71,13.2674,7
2756,Broken Rock,Centro,0.95,0.01,0.020,128,25.11,7.9449,3
2757,Broken Rock,Centro,0.95,0.01,0.050,16,28.02,12.5096,31
2758,Broken Rock,Centro,0.95,0.01,0.050,32,26.19,10.1290,5
2759,Broken Rock,Centro,0.95,0.01,0.050,64,25.47,14.3939,2
2760,Broken Rock,Centro,0.95,0.01,0.050,128,25.19,16.0700,5
2761,Broken Rock,Centro,0.95,0.01,0.100,16,26.45,13.0417,5
2762,Broken Rock,Centro,0.95,0.01,0.100,32,25.46,14.3939,2
2763,Broken Rock,Centro,0.95,0.01,0.100,64,25.18,16.0700,2
2764,Broken Rock,Centro,0.95,0.01,0.100,128,28.61,15.6000,1
2765,Broken Rock,Centro,0.95,0.01,0.160,16,25.14,7.9449,3
2766,Broken Rock,Centro,0.95,0.01,0.160,32,24.06,7.4143,5
2767,Broken Rock,Centro,0.95,0.01,0.160,64,26.22,13.5909,1
2768,Broken Rock,Centro,0.95,0.01,0.160,128,31.19,15.4478,1
2769,Broken Rock,Centro,0.95,0.50,0.020,16,29.82,6.8742,376
2770,Broken Rock,Centro,0.95,0.50,0.020,32,28.10,7.1065,43
2771,Broken Rock,Centro,0.95,0.50,0.020,64,26.71,13.2674,12
2772,Broken Rock,Centro,0.95,0.50,0.020,128,25.11,7.9449,4
2773,Broken Rock,Centro,0.95,0.50,0.050,16,28.02,12.5096,36
2774,Broken Rock,Centro,0.95,0.50,0.050,32,26.19,10.1290,5
2775,Broken Rock,Centro,0.95,0.50,0.050,64,25.47,14.3939,2
2776,Broken Rock,Centro,0.95,0.50,0.050,128,25.19,16.0700,2
2777,Broken Rock,Centro,0.95,0.50,0.100,16,26.45,13.0417,7
2778,Broken Rock,Centro,0.95,0.50,0.100,32,25.46,14.3939,2
2779,Broken Rock,Centro,0.95,0.50,0.100,64,25.18,16.0700,2
2780,Broken Rock,Centro,0.95,0.50,0.100,128,28.61,15.6000,1
2781,Broken Rock,Centro,0.95,0.50,0.160,16,25.14,7.9449,3
2782,Broken Rock,Centro,0.95,0.50,0.160,32,24.06,7.4143,2
2783,Broken Rock,Centro,0.95,0.50,0.160,64,26.22,13.5909,4
2784,Broken Rock,Centro,0.95,0.50,0.160,128,31.19,15.4478,1
2785,Broken Rock,Centro,0.95,0.75,0.020,16,29.80,6.8742,452
2786,Broken Rock,Centro,0.95,0.75,0.020,32,28.12,7.1065,58
2787,Broken Rock,Centro,0.95,0.75,0.020,64,26.71,13.2674,8
2788,Broken Rock,Centro,0.95,0.75,0.020,128,25.11,7.9449,8
2789,Broken Rock,Centro,0.95,0.75,0.050,16,27.20,11.3243,38
2790,Broken Rock,Centro,0.95,0.75,0.050,32,26.22,10.4667,5
2791,Broken Rock,Centro,0.95,0.75,0.050,64,25.46,14.9394,2
2792,Broken Rock,Centro,0.95,0.75,0.050,128,25.18,16.2400,2
2793,Broken Rock,Centro,0.95,0.75,0.100,16,26.45,13.0417,5
2794,Broken Rock,Centro,0.95,0.75,0.100,32,25.45,14.9394,7
2795,Broken Rock,Centro,0.95,0.75,0.100,64,25.18,16.2400,2
2796,Broken Rock,Centro,0.95,0.75,0.100,128,28.61,15.6000,2
2797,Broken Rock,Centro,0.95,0.75,0.160,16,25.14,7.9449,3
2798,Broken Rock,Centro,0.95,0.75,0.160,32,24.06,7.4143,2
2799,Broken Rock,Centro,0.95,0.75,0.160,64,26.22,13.5909,1
2800,Broken Rock,Centro,0.95,0.75,0.160,128,29.58,6.4727,4
2801,Broken Rock,Centro,0.95,1.00,0.020,16,26.99,4.8080,605
2802,Broken Rock,Centro,0.95,1.00,0.020,32,26.22,5.4337,73
2803,Broken Rock,Centro,0.95,1.00,0.020,64,25.51,6.3539,12
2804,Broken Rock,Centro,0.95,1.00,0.020,128,24.93,7.4924,4
2805,Broken Rock,Centro,0.95,1.00,0.050,16,25.13,5.4534,41
2806,Broken Rock,Centro,0.95,1.00,0.050,32,25.16,5.7931,12
2807,Broken Rock,Centro,0.95,1.00,0.050,64,24.29,8.3495,2
2808,Broken Rock,Centro,0.95,1.00,0.050,128,24.13,10.0709,2
2809,Broken Rock,Centro,0.95,1.00,0.100,16,25.09,6.7400,7
2810,Broken Rock,Centro,0.95,1.00,0.100,32,24.28,8.3173,5
2811,Broken Rock,Centro,0.95,1.00,0.100,64,24.12,10.0709,2
2812,Broken Rock,Centro,0.95,1.00,0.100,128,27.77,7.0909,2
2813,Broken Rock,Centro,0.95,1.00,0.160,16,24.96,7.4924,4
2814,Broken Rock,Centro,0.95,1.00,0.160,32,24.06,8.0290,3
2815,Broken Rock,Centro,0.95,1.00,0.160,64,24.88,6.7899,1
2816,Broken Rock,Centro,0.95,1.00,0.160,128,29.06,6.8970,5
2817,Maze,Centro,0.50,0.01,0.020,16,33.75,12.3590,174
2818,Maze,Centro,0.50,0.01,0.020,32,32.18,12.9068,33
2819,Maze,Centro,0.50,0.01,0.020,64,30.18,13.2159,8
2820,Maze,Centro,0.50,0.01,0.020,128,31.94,14.5636,3
2821,Maze,Centro,0.50,0.01,0.050,16,30.75,12.8203,19
2822,Maze,Centro,0.50,0.01,0.050,32,29.98,13.8472,8
2823,Maze,Centro,0.50,0.01,0.050,64,30.93,14.9423,3
2824,Maze,Centro,0.50,0.01,0.050,128,44.66,15.5417,1
2825,Maze,Centro,0.50,0.01,0.100,16,30.38,13.6806,5
2826,Maze,Centro,0.50,0.01,0.100,32,30.92,14.8824,3
2827,Maze,Centro,0.50,0.01,0.100,64,44.65,15.5417,4
2828,Maze,Centro,0.50,0.01,0.100,128,43.70,9.4839,1
2829,Maze,Centro,0.50,0.01,0.160,16,31.90,14.5636,3
2830,Maze,Centro,0.50,0.01,0.160,32,31.29,16.7609,1
2831,Maze,Centro,0.50,0.01,0.160,64,40.27,12.8000,1
2832,Maze,Centro,0.50,0.01,0.160,128,40.40,15.3721,1
2833,Maze,Centro,0.50,0.50,0.020,16,33.76,12.4387,194
2834,Maze,Centro,0.50,0.50,0.020,32,32.18,12.9068,38
2835,Maze,Centro,0.50,0.50,0.020,64,30.18,13.2159,8
2836,Maze,Centro,0.50,0.50,0.020,128,31.94,14.5636,3
2837,Maze,Centro,0.50,0.50,0.050,16,30.75,12.8203,19
2838,Maze,Centro,0.50,0.50,0.050,32,29.98,13.8472,8
2839,Maze,Centro,0.50,0.50,0.050,64,30.93,14.9423,3
2840,Maze,Centro,0.50,0.50,0.050,128,44.66,15.5417,1
2841,Maze,Centro,0.50,0.50,0.100,16,30.28,13.1067,5
2842,Maze,Centro,0.50,0.50,0.100,32,30.92,14.8824,2
2843,Maze,Centro,0.50,0.50,0.100,64,44.65,15.5417,1
2844,Maze,Centro,0.50,0.50,0.100,128,43.70,9.4839,1
2845,Maze,Centro,0.50,0.50,0.160,16,31.90,14.5636,3
2846,Maze,Centro,0.50,0.50,0.160,32,31.29,16.7609,1
2847,Maze,Centro,0.50,0.50,0.160,64,40.27,12.8000,0
2848,Maze,Centro,0.50,0.50,0.160,128,40.40,15.3721,1
2849,Maze,Centro,0.50,0.75,0.020,16,33.74,12.1258,302
2850,Maze,Centro,0.50,0.75,0.020,32,32.15,12.6585,45
2851,Maze,Centro,0.50,0.75,0.020,64,30.41,12.9667,13
2852,Maze,Centro,0.50,0.75,0.020,128,31.94,14.5636,3
2853,Maze,Centro,0.50,0.75,0.050,16,30.73,12.6231,31
2854,Maze,Centro,0.50,0.75,0.050,32,29.91,13.2133,6
2855,Maze,Centro,0.50,0.75,0.050,64,30.93,14.9423,3
2856,Maze,Centro,0.50,0.75,0.050,128,44.40,13.4286,2
2857,Maze,Centro,0.50,0.75,0.100,16,29.99,13.0000,6
2858,Maze,Centro,0.50,0.75,0.100,32,30.92,14.8824,3
2859,Maze,Centro,0.50,0.75,0.100,64,44.39,13.4286,1
2860,Maze,Centro,0.50,0.75,0.100,128,42.78,4.0385,1
2861,Maze,Centro,0.50,0.75,0.160,16,31.90,14.5636,6
2862,Maze,Centro,0.50,0.75,0.160,32,31.29,16.7609,2
2863,Maze,Centro,0.50,0.75,0.160,64,39.49,3.6250,1
2864,Maze,Centro,0.50,0.75,0.160,128,38.32,7.8929,1
2865,Maze,Centro,0.50,1.00,0.020,16,31.61,5.0974,1144
2866,Maze,Centro,0.50,1.00,0.020,32,31.25,7.1268,162
2867,Maze,Centro,0.50,1.00,0.020,64,29.42,5.9031,28
2868,Maze,Centro,0.50,1.00,0.020,128,31.45,7.5524,8
2869,Maze,Centro,0.50,1.00,0.050,16,30.18,5.8602,92
2870,Maze,Centro,0.50,1.00,0.050,32,29.48,6.2930,18
2871,Maze,Centro,0.50,1.00,0.050,64,30.74,9.1071,6
2872,Maze,Centro,0.50,1.00,0.050,128,42.42,6.4237,3
2873,Maze,Centro,0.50,1.00,0.100,16,29.51,7.3759,22
2874,Maze,Centro,0.50,1.00,0.100,32,30.73,9.0120,6
2875,Maze,Centro,0.50,1.00,0.100,64,42.41,6.4237,2
2876,Maze,Centro,0.50,1.00,0.100,128,39.98,5.6301,2
2877,Maze,Centro,0.50,1.00,0.160,16,31.41,7.6154,14
2878,Maze,Centro,0.50,1.00,0.160,32,30.08,8.8718,3
2879,Maze,Centro,0.50,1.00,0.160,64,39.49,3.4848,2
2880,Maze,Centro,0.50,1.00,0.160,128,36.68,8.4937,2
2881,Maze,Centro,0.75,0.01,0.020,16,33.75,12.3590,176
2882,Maze,Centro,0.75,0.01,0.020,32,32.18,12.9068,29
2883,Maze,Centro,0.75,0.01,0.020,64,30.18,13.2159,8
2884,Maze,Centro,0.75,0.01,0.020,128,31.94,14.5636,3
2885,Maze,Centro,0.75,0.01,0.050,16,30.75,12.8203,20
2886,Maze,Centro,0.75,0.01,0.050,32,29.98,13.8472,5
2887,Maze,Centro,0.75,0.01,0.050,64,30.93,14.9423,3
2888,Maze,Centro,0.75,0.01,0.050,128,44.66,15.5417,4
2889,Maze,Centro,0.75,0.01,0.100,16,30.38,13.6806,5
2890,Maze,Centro,0.75,0.01,0.100,32,30.92,14.8824,2
2891,Maze,Centro,0.75,0.01,0.100,64,44.65,15.5417,1
2892,Maze,Centro,0.75,0.01,0.100,128,43.70,9.4839,1
2893,Maze,Centro,0.75,0.01,0.160,16,31.90,14.5636,3
2894,Maze,Centro,0.75,0.01,0.160,32,31.29,16.7609,1
2895,Maze,Centro,0.75,0.01,0.160,64,40.27,12.8000,0
2896,Maze,Centro,0.75,0.01,0.160,128,40.40,15.3721,4
2897,Maze,Centro,0.75,0.50,0.020,16,33.76,12.4387,176
2898,Maze,Centro,0.75,0.50,0.020,32,32.18,12.9068,45
2899,Maze,Centro,0.75,0.50,0.020,64,30.18,13.2159,8
2900,Maze,Centro,0.75,0.50,0.020,128,31.94,14.5636,6
2901,Maze,Centro,0.75,0.50,0.050,16,30.75,12.8203,19
2902,Maze,Centro,0.75,0.50,0.050,32,29.98,13.8472,7
2903,Maze,Centro,0.75,0.50,0.050,64,30.93,14.9423,3
2904,Maze,Centro,0.75,0.50,0.050,128,44.66,15.5417,1
2905,Maze,Centro,0.75,0.50,0.100,16,30.28,13.1067,5
2906,Maze,Centro,0.75,0.50,0.100,32,30.92,14.8824,7
2907,Maze,Centro,0.75,0.50,0.100,64,44.65,15.5417,1
2908,Maze,Centro,0.75,0.50,0.100,128,43.70,9.4839,1
2909,Maze,Centro,0.75,0.50,0.160,16,31.90,14.5636,2
2910,Maze,Centro,0.75,0.50,0.160,32,31.29,16.7609,1
2911,Maze,Centro,0.75,0.50,0.160,64,40.27,12.8000,0
2912,Maze,Centro,0.75,0.50,0.160,128,40.40,15.3721,4
2913,Maze,Centro,0.75,0.75,0.020,16,33.74,12.1258,303
2914,Maze,Centro,0.75,0.75,0.020,32,32.15,12.6585,45
2915,Maze,Centro,0.75,0.75,0.020,64,30.41,12.9667,10
2916,Maze,Centro,0.75,0.75,0.020,128,31.94,14.5636,3
2917,Maze,Centro,0.75,0.75,0.050,16,30.73,12.6231,28
2918,Maze,Centro,0.75,0.75,0.050,32,29.91,13.2133,6
2919,Maze,Centro,0.75,0.75,0.050,64,30.93,14.9423,10
2920,Maze,Centro,0.75,0.75,0.050,128,44.40,13.4286,7
2921,Maze,Centro,0.75,0.75,0.100,16,29.99,13.0000,6
2922,Maze,Centro,0.75,0.75,0.100,32,30.92,14.8824,3
2923,Maze,Centro,0.75,0.75,0.100,64,44.39,13.4286,1
2924,Maze,Centro,0.75,0.75,0.100,128,42.78,4.0385,4
2925,Maze,Centro,0.75,0.75,0.160,16,31.90,14.5636,3
2926,Maze,Centro,0.75,0.75,0.160,32,31.29,16.7609,2
2927,Maze,Centro,0.75,0.75,0.160,64,39.49,3.6250,1
2928,Maze,Centro,0.75,0.75,0.160,128,38.32,7.8929,1
2929,Maze,Centro,0.75,1.00,0.020,16,31.61,5.0974,1130
2930,Maze,Centro,0.75,1.00,0.020,32,31.25,7.1268,161
2931,Maze,Centro,0.75,1.00,0.020,64,29.42,5.9031,36
2932,Maze,Centro,0.75,1.00,0.020,128,31.45,7.5524,8
2933,Maze,Centro,0.75,1.00,0.050,16,30.18,5.8602,94
2934,Maze,Centro,0.75,1.00,0.050,32,29.48,6.2930,25
2935,Maze,Centro,0.75,1.00,0.050,64,30.74,9.1071,6
2936,Maze,Centro,0.75,1.00,0.050,128,42.42,6.4237,2
2937,Maze,Centro,0.75,1.00,0.100,16,29.51,7.3759,21
2938,Maze,Centro,0.75,1.00,0.100,32,30.73,9.0120,6
2939,Maze,Centro,0.75,1.00,0.100,64,42.41,6.4237,2
2940,Maze,Centro,0.75,1.00,0.100,128,39.98,5.6301,2
2941,Maze,Centro,0.75,1.00,0.160,16,31.41,7.6154,7
2942,Maze,Centro,0.75,1.00,0.160,32,30.08,8.8718,6
2943,Maze,Centro,0.75,1.00,0.160,64,39.49,3.4848,2
2944,Maze,Centro,0.75,1.00,0.160,128,36.68,8.4937,2
2945,Maze,Centro,0.90,0.01,0.020,16,33.76,12.4387,197
2946,Maze,Centro,0.90,0.01,0.020,32,32.18,12.9068,37
2947,Maze,Centro,0.90,0.01,0.020,64,30.18,13.2159,8
2948,Maze,Centro,0.90,0.01,0.020,128,31.94,14.5636,3
2949,Maze,Centro,0.90,0.01,0.050,16,30.75,12.8203,20
2950,Maze,Centro,0.90,0.01,0.050,32,29.99,13.6849,5
2951,Maze,Centro,0.90,0.01,0.050,64,30.93,14.9423,3
2952,Maze,Centro,0.90,0.01,0.050,128,44.66,15.5417,2
2953,Maze,Centro,0.90,0.01,0.100,16,30.38,13.6806,5
2954,Maze,Centro,0.90,0.01,0.100,32,30.92,14.8824,3
2955,Maze,Centro,0.90,0.01,0.100,64,44.65,15.5417,1
2956,Maze,Centro,0.90,0.01,0.100,128,43.70,9.4839,1
2957,Maze,Centro,0.90,0.01,0.160,16,31.90,14.5636,2
2958,Maze,Centro,0.90,0.01,0.160,32,31.29,16.7609,2
2959,Maze,Centro,0.90,0.01,0.160,64,40.27,12.8000,1
2960,Maze,Centro,0.90,0.01,0.160,128,36.68,8.4937,1
2961,Maze,Centro,0.90,0.50,0.020,16,33.76,12.4387,210
2962,Maze,Centro,0.90,0.50,0.020,32,32.18,12.9068,56
2963,Maze,Centro,0.90,0.50,0.020,64,30.18,13.2159,9
2964,Maze,Centro,0.90,0.50,0.020,128,31.94,14.5636,3
2965,Maze,Centro,0.90,0.50,0.050,16,30.75,12.8203,21
2966,Maze,Centro,0.90,0.50,0.050,32,29.99,13.6849,6
2967,Maze,Centro,0.90,0.50,0.050,64,30.93,14.9423,3
2968,Maze,Centro,0.90,0.50,0.050,128,44.66,15.5417,1
2969,Maze,Centro,0.90,0.50,0.100,16,30.38,13.6806,5
2970,Maze,Centro,0.90,0.50,0.100,32,30.92,14.8824,6
2971,Maze,Centro,0.90,0.50,0.100,64,44.65,15.5417,1
2972,Maze,Centro,0.90,0.50,0.100,128,43.70,9.4839,1
2973,Maze,Centro,0.90,0.50,0.160,16,31.90,14.5636,3
2974,Maze,Centro,0.90,0.50,0.160,32,31.29,16.7609,2
2975,Maze,Centro,0.90,0.50,0.160,64,40.27,12.8000,1
2976,Maze,Centro,0.90,0.50,0.160,128,36.68,8.4937,1
2977,Maze,Centro,0.90,0.75,0.020,16,33.75,12.2803,311
2978,Maze,Centro,0.90,0.75,0.020,32,32.17,12.7485,46
2979,Maze,Centro,0.90,0.75,0.020,64,30.43,13.2614,12
2980,Maze,Centro,0.90,0.75,0.020,128,31.94,14.5636,3
2981,Maze,Centro,0.90,0.75,0.050,16,30.73,12.6231,28
2982,Maze,Centro,0.90,0.75,0.050,32,29.91,13.0658,6
2983,Maze,Centro,0.90,0.75,0.050,64,30.93,14.9423,7
2984,Maze,Centro,0.90,0.75,0.050,128,44.40,13.4286,2
2985,Maze,Centro,0.90,0.75,0.100,16,30.06,13.0267,6
2986,Maze,Centro,0.90,0.75,0.100,32,30.92,14.8824,3
2987,Maze,Centro,0.90,0.75,0.100,64,44.39,13.4286,2
2988,Maze,Centro,0.90,0.75,0.100,128,42.78,4.0385,4
2989,Maze,Centro,0.90,0.75,0.160,16,31.90,14.5636,3
2990,Maze,Centro,0.90,0.75,0.160,32,31.29,16.7609,2
2991,Maze,Centro,0.90,0.75,0.160,64,39.49,3.6250,1
2992,Maze,Centro,0.90,0.75,0.160,128,36.68,8.4937,1
2993,Maze,Centro,0.90,1.00,0.020,16,31.61,5.0974,1162
2994,Maze,Centro,0.90,1.00,0.020,32,31.25,7.1268,160
2995,Maze,Centro,0.90,1.00,0.020,64,29.42,5.9031,28
2996,Maze,Centro,0.90,1.00,0.020,128,31.45,7.5524,16
2997,Maze,Centro,0.90,1.00,0.050,16,30.18,5.8602,93
2998,Maze,Centro,0.90,1.00,0.050,32,29.48,6.2930,21
2999,Maze,Centro,0.90,1.00,0.050,64,30.74,9.1071,7
3000,Maze,Centro,0.90,1.00,0.050,128,42.42,6.4237,2
3001,Maze,Centro,0.90,1.00,0.100,16,29.51,7.3759,18
3002,Maze,Centro,0.90,1.00,0.100,32,30.73,9.0120,11
3003,Maze,Centro,0.90,1.00,0.100,64,42.41,6.4237,2
3004,Maze,Centro,0.90,1.00,0.100,128,39.98,5.6301,3
3005,Maze,Centro,0.90,1.00,0.160,16,31.41,7.6154,8
3006,Maze,Centro,0.90,1.00,0.160,32,30.08,8.8718,3
3007,Maze,Centro,0.90,1.00,0.160,64,39.49,3.4848,8
3008,Maze,Centro,0.90,1.00,0.160,128,36.68,8.4937,2
3009,Maze,Centro,0.95,0.01,0.020,16,33.75,12.4387,365
3010,Maze,Centro,0.95,0.01,0.020,32,32.18,12.9068,54
3011,Maze,Centro,0.95,0.01,0.020,64,30.17,13.5233,14
3012,Maze,Centro,0.95,0.01,0.020,128,31.88,14.5636,3
3013,Maze,Centro,0.95,0.01,0.050,16,30.72,12.5115,38
3014,Maze,Centro,0.95,0.01,0.050,32,29.96,14.0423,7
3015,Maze,Centro,0.95,0.01,0.050,64,30.93,14.9423,4
3016,Maze,Centro,0.95,0.01,0.050,128,43.72,6.3443,2
3017,Maze,Centro,0.95,0.01,0.100,16,29.94,13.5972,7
3018,Maze,Centro,0.95,0.01,0.100,32,30.92,14.8824,7
3019,Maze,Centro,0.95,0.01,0.100,64,43.71,6.3443,2
3020,Maze,Centro,0.95,0.01,0.100,128,42.50,4.1519,1
3021,Maze,Centro,0.95,0.01,0.160,16,31.85,14.5636,3
3022,Maze,Centro,0.95,0.01,0.160,32,31.12,15.6735,2
3023,Maze,Centro,0.95,0.01,0.160,64,39.98,6.8333,1
3024,Maze,Centro,0.95,0.01,0.160,128,36.68,8.4937,1
3025,Maze,Centro,0.95,0.50,0.020,16,33.75,12.4387,362
3026,Maze,Centro,0.95,0.50,0.020,32,32.18,12.9068,57
3027,Maze,Centro,0.95,0.50,0.020,64,30.17,13.5233,11
3028,Maze,Centro,0.95,0.50,0.020,128,31.88,14.5636,4
3029,Maze,Centro,0.95,0.50,0.050,16,30.72,12.5115,32
3030,Maze,Centro,0.95,0.50,0.050,32,29.96,14.0423,10
3031,Maze,Centro,0.95,0.50,0.050,64,30.93,14.9423,3
3032,Maze,Centro,0.95,0.50,0.050,128,43.72,6.3443,2
3033,Maze,Centro,0.95,0.50,0.100,16,29.94,13.5972,7
3034,Maze,Centro,0.95,0.50,0.100,32,30.92,14.8824,3
3035,Maze,Centro,0.95,0.50,0.100,64,43.71,6.3443,5
3036,Maze,Centro,0.95,0.50,0.100,128,42.50,4.1519,1
3037,Maze,Centro,0.95,0.50,0.160,16,31.85,14.5636,3
3038,Maze,Centro,0.95,0.50,0.160,32,31.12,15.6735,2
3039,Maze,Centro,0.95,0.50,0.160,64,39.98,6.8333,1
3040,Maze,Centro,0.95,0.50,0.160,128,36.68,8.4937,1
3041,Maze,Centro,0.95,0.75,0.020,16,33.75,12.4387,402
3042,Maze,Centro,0.95,0.75,0.020,32,32.18,12.9068,66
3043,Maze,Centro,0.95,0.75,0.020,64,30.17,13.5233,12
3044,Maze,Centro,0.95,0.75,0.020,128,31.88,14.5636,7
3045,Maze,Centro,0.95,0.75,0.050,16,30.72,12.5115,41
3046,Maze,Centro,0.95,0.75,0.050,32,29.96,14.0423,8
3047,Maze,Centro,0.95,0.75,0.050,64,30.93,14.9423,4
3048,Maze,Centro,0.95,0.75,0.050,128,41.58,6.9167,2
3049,Maze,Centro,0.95,0.75,0.100,16,29.93,13.5972,8
3050,Maze,Centro,0.95,0.75,0.100,32,30.92,14.8824,3
3051,Maze,Centro,0.95,0.75,0.100,64,41.58,6.9167,2
3052,Maze,Centro,0.95,0.75,0.100,128,41.54,4.6795,1
3053,Maze,Centro,0.95,0.75,0.160,16,31.85,14.5636,6
3054,Maze,Centro,0.95,0.75,0.160,32,30.98,15.5714,2
3055,Maze,Centro,0.95,0.75,0.160,64,39.98,6.8333,1
3056,Maze,Centro,0.95,0.75,0.160,128,36.68,8.4937,1
3057,Maze,Centro,0.95,1.00,0.020,16,31.61,5.0974,1153
3058,Maze,Centro,0.95,1.00,0.020,32,31.25,7.1268,164
3059,Maze,Centro,0.95,1.00,0.020,64,29.42,5.9031,32
3060,Maze,Centro,0.95,1.00,0.020,128,31.45,7.5524,8
3061,Maze,Centro,0.95,1.00,0.050,16,30.18,5.8602,87
3062,Maze,Centro,0.95,1.00,0.050,32,29.48,6.2930,23
3063,Maze,Centro,0.95,1.00,0.050,64,30.74,9.1071,6
3064,Maze,Centro,0.95,1.00,0.050,128,42.42,6.4237,3
3065,Maze,Centro,0.95,1.00,0.100,16,29.51,7.3759,27
3066,Maze,Centro,0.95,1.00,0.100,32,30.73,9.0120,6
3067,Maze,Centro,0.95,1.00,0.100,64,42.41,6.4237,2
3068,Maze,Centro,0.95,1.00,0.100,128,39.98,5.6301,3
3069,Maze,Centro,0.95,1.00,0.160,16,31.41,7.6154,8
3070,Maze,Centro,0.95,1.00,0.160,32,30.08,8.8718,6
3071,Maze,Centro,0.95,1.00,0.160,64,39.49,3.4848,2
3072,Maze,Centro,0.95,1.00,0.160,128,36.68,8.4937,2
3073,Lonely Tree,Misto,0.50,0.01,0.020,16,22.15,10.3777,73
3074,Lonely Tree,Misto,0.50,0.01,0.020,32,20.86,11.3964,15
3075,Lonely Tree,Misto,0.50,0.01,0.020,64,20.00,11.8704,4
3076,Lonely Tree,Misto,0.50,0.01,0.020,128,19.68,13.0741,1
3077,Lonely Tree,Misto,0.50,0.01,0.050,16,21.32,11.9880,11
3078,Lonely Tree,Misto,0.50,0.01,0.050,32,19.63,11.3913,2
3079,Lonely Tree,Misto,0.50,0.01,0.050,64,19.39,11.5600,0
3080,Lonely Tree,Misto,0.50,0.01,0.050,128,19.46,13.5714,0
3081,Lonely Tree,Misto,0.50,0.01,0.100,16,19.69,11.3913,2
3082,Lonely Tree,Misto,0.50,0.01,0.100,32,19.38,11.5600,0
3083,Lonely Tree,Misto,0.50,0.01,0.100,64,19.45,13.5714,0
3084,Lonely Tree,Misto,0.50,0.01,0.100,128,19.33,14.7500,0
3085,Lonely Tree,Misto,0.50,0.01,0.160,16,19.65,13.0741,4
3086,Lonely Tree,Misto,0.50,0.01,0.160,32,19.89,14.2857,0
3087,Lonely Tree,Misto,0.50,0.01,0.160,64,23.50,13.4000,0
3088,Lonely Tree,Misto,0.50,0.01,0.160,128,19.50,14.6250,0
3089,Lonely Tree,Misto,0.50,0.50,0.020,16,22.15,10.3777,73
3090,Lonely Tree,Misto,0.50,0.50,0.020,32,20.86,11.3964,30
3091,Lonely Tree,Misto,0.50,0.50,0.020,64,20.00,11.8704,4
3092,Lonely Tree,Misto,0.50,0.50,0.020,128,19.68,13.0741,1
3093,Lonely Tree,Misto,0.50,0.50,0.050,16,21.30,11.7059,18
3094,Lonely Tree,Misto,0.50,0.50,0.050,32,19.56,10.9167,2
3095,Lonely Tree,Misto,0.50,0.50,0.050,64,19.39,11.5600,1
3096,Lonely Tree,Misto,0.50,0.50,0.050,128,19.42,13.5000,0
3097,Lonely Tree,Misto,0.50,0.50,0.100,16,19.69,11.3913,3
3098,Lonely Tree,Misto,0.50,0.50,0.100,32,19.38,11.5600,0
3099,Lonely Tree,Misto,0.50,0.50,0.100,64,19.41,13.5000,0
3100,Lonely Tree,Misto,0.50,0.50,0.100,128,19.33,14.7500,0
3101,Lonely Tree,Misto,0.50,0.50,0.160,16,19.65,13.0741,1
3102,Lonely Tree,Misto,0.50,0.50,0.160,32,20.00,12.3750,0
3103,Lonely Tree,Misto,0.50,0.50,0.160,64,23.50,12.0909,0
3104,Lonely Tree,Misto,0.50,0.50,0.160,128,19.50,14.6250,0
3105,Lonely Tree,Misto,0.50,0.75,0.020,16,22.14,10.2025,95
3106,Lonely Tree,Misto,0.50,0.75,0.020,32,20.77,10.7607,20
3107,Lonely Tree,Misto,0.50,0.75,0.020,64,19.97,11.8333,4
3108,Lonely Tree,Misto,0.50,0.75,0.020,128,19.61,10.6970,1
3109,Lonely Tree,Misto,0.50,0.75,0.050,16,21.23,11.0111,17
3110,Lonely Tree,Misto,0.50,0.75,0.050,32,19.43,10.0769,3
3111,Lonely Tree,Misto,0.50,0.75,0.050,64,19.27,9.9310,1
3112,Lonely Tree,Misto,0.50,0.75,0.050,128,19.36,13.2857,0
3113,Lonely Tree,Misto,0.50,0.75,0.100,16,19.64,10.9167,2
3114,Lonely Tree,Misto,0.50,0.75,0.100,32,19.27,9.8966,4
3115,Lonely Tree,Misto,0.50,0.75,0.100,64,19.35,13.2857,0
3116,Lonely Tree,Misto,0.50,0.75,0.100,128,19.33,14.7500,0
3117,Lonely Tree,Misto,0.50,0.75,0.160,16,19.72,12.1724,1
3118,Lonely Tree,Misto,0.50,0.75,0.160,32,19.95,12.1250,0
3119,Lonely Tree,Misto,0.50,0.75,0.160,64,23.50,11.9091,0
3120,Lonely Tree,Misto,0.50,0.75,0.160,128,19.50,14.6250,0
3121,Lonely Tree,Misto,0.50,1.00,0.020,16,20.79,3.2419,376
3122,Lonely Tree,Misto,0.50,1.00,0.020,32,19.57,3.8052,51
3123,Lonely Tree,Misto,0.50,1.00,0.020,64,19.09,5.1667,9
3124,Lonely Tree,Misto,0.50,1.00,0.020,128,19.09,8.2683,1
3125,Lonely Tree,Misto,0.50,1.00,0.050,16,19.71,3.4323,36
3126,Lonely Tree,Misto,0.50,1.00,0.050,32,19.08,5.7303,5
3127,Lonely Tree,Misto,0.50,1.00,0.050,64,18.97,7.9143,1
3128,Lonely Tree,Misto,0.50,1.00,0.050,128,19.02,13.1429,0
3129,Lonely Tree,Misto,0.50,1.00,0.100,16,19.07,5.4362,5
3130,Lonely Tree,Misto,0.50,1.00,0.100,32,18.89,7.2973,1
3131,Lonely Tree,Misto,0.50,1.00,0.100,64,19.02,13.1429,0
3132,Lonely Tree,Misto,0.50,1.00,0.100,128,19.33,14.7500,0
3133,Lonely Tree,Misto,0.50,1.00,0.160,16,19.07,7.8837,1
3134,Lonely Tree,Misto,0.50,1.00,0.160,32,19.74,12.0000,3
3135,Lonely Tree,Misto,0.50,1.00,0.160,64,23.50,11.9091,0
3136,Lonely Tree,Misto,0.50,1.00,0.160,128,19.50,14.6250,0
3137,Lonely Tree,Misto,0.75,0.01,0.020,16,22.15,10.3777,72
3138,Lonely Tree,Misto,0.75,0.01,0.020,32,20.86,11.3964,21
3139,Lonely Tree,Misto,0.75,0.01,0.020,64,20.00,11.8704,4
3140,Lonely Tree,Misto,0.75,0.01,0.020,128,19.68,13.0741,1
3141,Lonely Tree,Misto,0.75,0.01,0.050,16,21.32,11.9880,11
3142,Lonely Tree,Misto,0.75,0.01,0.050,32,19.63,11.3913,2
3143,Lonely Tree,Misto,0.75,0.01,0.050,64,19.39,11.5600,1
3144,Lonely Tree,Misto,0.75,0.01,0.050,128,19.46,13.5714,0
3145,Lonely Tree,Misto,0.75,0.01,0.100,16,19.69,11.3913,6
3146,Lonely Tree,Misto,0.75,0.01,0.100,32,19.38,11.5600,4
3147,Lonely Tree,Misto,0.75,0.01,0.100,64,19.45,13.5714,5
3148,Lonely Tree,Misto,0.75,0.01,0.100,128,19.33,14.7500,0
3149,Lonely Tree,Misto,0.75,0.01,0.160,16,19.65,13.0741,1
3150,Lonely Tree,Misto,0.75,0.01,0.160,32,19.89,14.2857,0
3151,Lonely Tree,Misto,0.75,0.01,0.160,64,23.50,13.4000,0
3152,Lonely Tree,Misto,0.75,0.01,0.160,128,19.50,14.6250,0
3153,Lonely Tree,Misto,0.75,0.50,0.020,16,22.15,10.3777,76
3154,Lonely Tree,Misto,0.75,0.50,0.020,32,20.86,11.3964,16
3155,Lonely Tree,Misto,0.75,0.50,0.020,64,20.00,11.8704,9
3156,Lonely Tree,Misto,0.75,0.50,0.020,128,19.68,13.0741,1
3157,Lonely Tree,Misto,0.75,0.50,0.050,16,21.30,11.7059,14
3158,Lonely Tree,Misto,0.75,0.50,0.050,32,19.56,10.9167,2
3159,Lonely Tree,Misto,0.75,0.50,0.050,64,19.39,11.5600,0
3160,Lonely Tree,Misto,0.75,0.50,0.050,128,19.42,13.5000,0
3161,Lonely Tree,Misto,0.75,0.50,0.100,16,19.69,11.3913,2
3162,Lonely Tree,Misto,0.75,0.50,0.100,32,19.38,11.5600,0
3163,Lonely Tree,Misto,0.75,0.50,0.100,64,19.41,13.5000,0
3164,Lonely Tree,Misto,0.75,0.50,0.100,128,19.33,14.7500,0
3165,Lonely Tree,Misto,0.75,0.50,0.160,16,19.65,13.0741,4
3166,Lonely Tree,Misto,0.75,0.50,0.160,32,20.00,12.3750,0
3167,Lonely Tree,Misto,0.75,0.50,0.160,64,23.50,12.0909,0
3168,Lonely Tree,Misto,0.75,0.50,0.160,128,19.50,14.6250,0
3169,Lonely Tree,Misto,0.75,0.75,0.020,16,22.14,10.2025,89
3170,Lonely Tree,Misto,0.75,0.75,0.020,32,20.77,10.7607,21
3171,Lonely Tree,Misto,0.75,0.75,0.020,64,19.97,11.8333,4
3172,Lonely Tree,Misto,0.75,0.75,0.020,128,19.61,10.6970,1
3173,Lonely Tree,Misto,0.75,0.75,0.050,16,21.23,11.0111,16
3174,Lonely Tree,Misto,0.75,0.75,0.050,32,19.43,10.0769,2
3175,Lonely Tree,Misto,0.75,0.75,0.050,64,19.27,9.9310,1
3176,Lonely Tree,Misto,0.75,0.75,0.050,128,19.36,13.2857,0
3177,Lonely Tree,Misto,0.75,0.75,0.100,16,19.64,10.9167,2
3178,Lonely Tree,Misto,0.75,0.75,0.100,32,19.27,9.8966,0
3179,Lonely Tree,Misto,0.75,0.75,0.100,64,19.35,13.2857,0
3180,Lonely Tree,Misto,0.75,0.75,0.100,128,19.33,14.7500,0
3181,Lonely Tree,Misto,0.75,0.75,0.160,16,19.72,12.1724,1
3182,Lonely Tree,Misto,0.75,0.75,0.160,32,19.95,12.1250,0
3183,Lonely Tree,Misto,0.75,0.75,0.160,64,23.50,11.9091,0
3184,Lonely Tree,Misto,0.75,0.75,0.160,128,19.50,14.6250,0
3185,Lonely Tree,Misto,0.75,1.00,0.020,16,20.79,3.2419,384
3186,Lonely Tree,Misto,0.75,1.00,0.020,32,19.57,3.8052,50
3187,Lonely Tree,Misto,0.75,1.00,0.020,64,19.09,5.1667,9
3188,Lonely Tree,Misto,0.75,1.00,0.020,128,19.09,8.2683,1
3189,Lonely Tree,Misto,0.75,1.00,0.050,16,19.71,3.4323,30
3190,Lonely Tree,Misto,0.75,1.00,0.050,32,19.08,5.7303,9
3191,Lonely Tree,Misto,0.75,1.00,0.050,64,18.97,7.9143,1
3192,Lonely Tree,Misto,0.75,1.00,0.050,128,19.02,13.1429,0
3193,Lonely Tree,Misto,0.75,1.00,0.100,16,19.07,5.4362,5
3194,Lonely Tree,Misto,0.75,1.00,0.100,32,18.89,7.2973,1
3195,Lonely Tree,Misto,0.75,1.00,0.100,64,19.02,13.1429,0
3196,Lonely Tree,Misto,0.75,1.00,0.100,128,19.33,14.7500,0
3197,Lonely Tree,Misto,0.75,1.00,0.160,16,19.07,7.8837,1
3198,Lonely Tree,Misto,0.75,1.00,0.160,32,19.74,12.0000,0
3199,Lonely Tree,Misto,0.75,1.00,0.160,64,23.50,11.9091,0
3200,Lonely Tree,Misto,0.75,1.00,0.160,128,19.50,14.6250,0
3201,Lonely Tree,Misto,0.90,0.01,0.020,16,22.15,10.3777,76
3202,Lonely Tree,Misto,0.90,0.01,0.020,32,20.48,8.9130,15
3203,Lonely Tree,Misto,0.90,0.01,0.020,64,19.97,8.8889,4
3204,Lonely Tree,Misto,0.90,0.01,0.020,128,19.68,13.0741,3
3205,Lonely Tree,Misto,0.90,0.01,0.050,16,21.32,11.9880,11
3206,Lonely Tree,Misto,0.90,0.01,0.050,32,19.65,9.3571,6
3207,Lonely Tree,Misto,0.90,0.01,0.050,64,19.39,11.5600,1
3208,Lonely Tree,Misto,0.90,0.01,0.050,128,19.46,13.5714,0
3209,Lonely Tree,Misto,0.90,0.01,0.100,16,19.70,9.3571,2
3210,Lonely Tree,Misto,0.90,0.01,0.100,32,19.38,11.5600,0
3211,Lonely Tree,Misto,0.90,0.01,0.100,64,19.45,13.5714,0
3212,Lonely Tree,Misto,0.90,0.01,0.100,128,19.33,14.7500,0
3213,Lonely Tree,Misto,0.90,0.01,0.160,16,19.65,13.0741,1
3214,Lonely Tree,Misto,0.90,0.01,0.160,32,19.89,14.2857,0
3215,Lonely Tree,Misto,0.90,0.01,0.160,64,23.50,13.4000,0
3216,Lonely Tree,Misto,0.90,0.01,0.160,128,19.50,14.6250,0
3217,Lonely Tree,Misto,0.90,0.50,0.020,16,22.15,10.3777,85
3218,Lonely Tree,Misto,0.90,0.50,0.020,32,20.48,8.9130,16
3219,Lonely Tree,Misto,0.90,0.50,0.020,64,19.97,8.8889,8
3220,Lonely Tree,Misto,0.90,0.50,0.020,128,19.68,13.0741,1
3221,Lonely Tree,Misto,0.90,0.50,0.050,16,21.32,11.7059,18
3222,Lonely Tree,Misto,0.90,0.50,0.050,32,19.65,9.3571,2
3223,Lonely Tree,Misto,0.90,0.50,0.050,64,19.39,11.5600,0
3224,Lonely Tree,Misto,0.90,0.50,0.050,128,19.46,13.5714,0
3225,Lonely Tree,Misto,0.90,0.50,0.100,16,19.70,9.3571,2
3226,Lonely Tree,Misto,0.90,0.50,0.100,32,19.38,11.5600,1
3227,Lonely Tree,Misto,0.90,0.50,0.100,64,19.45,13.5714,0
3228,Lonely Tree,Misto,0.90,0.50,0.100,128,19.33,14.7500,0
3229,Lonely Tree,Misto,0.90,0.50,0.160,16,19.65,13.0741,1
3230,Lonely Tree,Misto,0.90,0.50,0.160,32,19.89,14.2857,0
3231,Lonely Tree,Misto,0.90,0.50,0.160,64,23.50,13.4000,0
3232,Lonely Tree,Misto,0.90,0.50,0.160,128,19.50,14.6250,0
3233,Lonely Tree,Misto,0.90,0.75,0.020,16,22.15,10.2894,96
3234,Lonely Tree,Misto,0.90,0.75,0.020,32,20.47,8.6620,19
3235,Lonely Tree,Misto,0.90,0.75,0.020,64,19.97,8.8889,5
3236,Lonely Tree,Misto,0.90,0.75,0.020,128,19.63,10.6970,4
3237,Lonely Tree,Misto,0.90,0.75,0.050,16,21.25,11.2614,17
3238,Lonely Tree,Misto,0.90,0.75,0.050,32,19.46,9.0345,6
3239,Lonely Tree,Misto,0.90,0.75,0.050,64,19.27,9.9310,1
3240,Lonely Tree,Misto,0.90,0.75,0.050,128,19.37,13.3571,0
3241,Lonely Tree,Misto,0.90,0.75,0.100,16,19.66,9.3571,3
3242,Lonely Tree,Misto,0.90,0.75,0.100,32,19.27,9.8966,0
3243,Lonely Tree,Misto,0.90,0.75,0.100,64,19.36,13.3571,0
3244,Lonely Tree,Misto,0.90,0.75,0.100,128,19.33,14.7500,0
3245,Lonely Tree,Misto,0.90,0.75,0.160,16,19.73,12.1724,1
3246,Lonely Tree,Misto,0.90,0.75,0.160,32,19.96,12.1875,0
3247,Lonely Tree,Misto,0.90,0.75,0.160,64,23.50,12.0000,0
3248,Lonely Tree,Misto,0.90,0.75,0.160,128,19.50,14.6250,0
3249,Lonely Tree,Misto,0.90,1.00,0.020,16,20.79,3.2419,386
3250,Lonely Tree,Misto,0.90,1.00,0.020,32,19.57,3.8052,48
3251,Lonely Tree,Misto,0.90,1.00,0.020,64,19.09,5.1667,13
3252,Lonely Tree,Misto,0.90,1.00,0.020,128,19.09,8.2683,1
3253,Lonely Tree,Misto,0.90,1.00,0.050,16,19.71,3.4323,37
3254,Lonely Tree,Misto,0.90,1.00,0.050,32,19.08,5.7303,5
3255,Lonely Tree,Misto,0.90,1.00,0.050,64,18.97,7.9143,1
3256,Lonely Tree,Misto,0.90,1.00,0.050,128,19.02,13.1429,0
3257,Lonely Tree,Misto,0.90,1.00,0.100,16,19.07,5.4362,5
3258,Lonely Tree,Misto,0.90,1.00,0.100,32,18.89,7.2973,1
3259,Lonely Tree,Misto,0.90,1.00,0.100,64,19.02,13.1429,0
3260,Lonely Tree,Misto,0.90,1.00,0.100,128,19.33,14.7500,0
3261,Lonely Tree,Misto,0.90,1.00,0.160,16,19.07,7.8837,4
3262,Lonely Tree,Misto,0.90,1.00,0.160,32,19.74,12.0000,0
3263,Lonely Tree,Misto,0.90,1.00,0.160,64,23.50,11.9091,0
3264,Lonely Tree,Misto,0.90,1.00,0.160,128,19.50,14.6250,0
3265,Lonely Tree,Misto,0.95,0.01,0.020,16,21.61,6.9795,113
3266,Lonely Tree,Misto,0.95,0.01,0.020,32,20.05,7.7580,19
3267,Lonely Tree,Misto,0.95,0.01,0.020,64,19.65,7.9375,4
3268,Lonely Tree,Misto,0.95,0.01,0.020,128,19.68,13.0741,1
3269,Lonely Tree,Misto,0.95,0.01,0.050,16,21.22,10.1327,19
3270,Lonely Tree,Misto,0.95,0.01,0.050,32,19.54,9.5273,3
3271,Lonely Tree,Misto,0.95,0.01,0.050,64,19.30,11.0769,1
3272,Lonely Tree,Misto,0.95,0.01,0.050,128,19.46,13.5714,0
3273,Lonely Tree,Misto,0.95,0.01,0.100,16,19.55,8.8475,2
3274,Lonely Tree,Misto,0.95,0.01,0.100,32,19.29,11.0385,0
3275,Lonely Tree,Misto,0.95,0.01,0.100,64,19.45,13.5714,0
3276,Lonely Tree,Misto,0.95,0.01,0.100,128,19.33,14.7500,0
3277,Lonely Tree,Misto,0.95,0.01,0.160,16,19.65,13.0741,1
3278,Lonely Tree,Misto,0.95,0.01,0.160,32,19.74,12.4375,0
3279,Lonely Tree,Misto,0.95,0.01,0.160,64,23.50,13.4000,0
3280,Lonely Tree,Misto,0.95,0.01,0.160,128,19.50,14.6250,0
3281,Lonely Tree,Misto,0.95,0.50,0.020,16,21.61,6.9795,101
3282,Lonely Tree,Misto,0.95,0.50,0.020,32,20.05,7.7580,19
3283,Lonely Tree,Misto,0.95,0.50,0.020,64,19.65,7.9375,4
3284,Lonely Tree,Misto,0.95,0.50,0.020,128,19.68,13.0741,1
3285,Lonely Tree,Misto,0.95,0.50,0.050,16,21.22,10.1327,29
3286,Lonely Tree,Misto,0.95,0.50,0.050,32,19.54,9.5273,3
3287,Lonely Tree,Misto,0.95,0.50,0.050,64,19.30,11.0769,1
3288,Lonely Tree,Misto,0.95,0.50,0.050,128,19.46,13.5714,0
3289,Lonely Tree,Misto,0.95,0.50,0.100,16,19.55,8.8475,2
3290,Lonely Tree,Misto,0.95,0.50,0.100,32,19.29,11.0385,1
3291,Lonely Tree,Misto,0.95,0.50,0.100,64,19.45,13.5714,0
3292,Lonely Tree,Misto,0.95,0.50,0.100,128,19.33,14.7500,0
3293,Lonely Tree,Misto,0.95,0.50,0.160,16,19.65,13.0741,4
3294,Lonely Tree,Misto,0.95,0.50,0.160,32,19.74,12.4375,0
3295,Lonely Tree,Misto,0.95,0.50,0.160,64,23.50,13.4000,0
3296,Lonely Tree,Misto,0.95,0.50,0.160,128,19.50,14.6250,0
3297,Lonely Tree,Misto,0.95,0.75,0.020,16,21.61,6.9795,109
3298,Lonely Tree,Misto,0.95,0.75,0.020,32,20.06,7.7580,21
3299,Lonely Tree,Misto,0.95,0.75,0.020,64,19.65,7.9375,13
3300,Lonely Tree,Misto,0.95,0.75,0.020,128,19.68,13.0741,1
3301,Lonely Tree,Misto,0.95,0.75,0.050,16,21.24,9.9300,25
3302,Lonely Tree,Misto,0.95,0.75,0.050,32,19.54,9.5273,3
3303,Lonely Tree,Misto,0.95,0.75,0.050,64,19.30,11.0769,1
3304,Lonely Tree,Misto,0.95,0.75,0.050,128,19.42,13.5000,0
3305,Lonely Tree,Misto,0.95,0.75,0.100,16,19.55,8.8475,2
3306,Lonely Tree,Misto,0.95,0.75,0.100,32,19.29,11.0385,1
3307,Lonely Tree,Misto,0.95,0.75,0.100,64,19.41,13.5000,0
3308,Lonely Tree,Misto,0.95,0.75,0.100,128,19.33,14.7500,0
3309,Lonely Tree,Misto,0.95,0.75,0.160,16,19.65,13.0741,1
3310,Lonely Tree,Misto,0.95,0.75,0.160,32,19.88,12.3750,0
3311,Lonely Tree,Misto,0.95,0.75,0.160,64,23.50,12.0909,0
3312,Lonely Tree,Misto,0.95,0.75,0.160,128,19.50,14.6250,0
3313,Lonely Tree,Misto,0.95,1.00,0.020,16,20.79,3.2419,381
3314,Lonely Tree,Misto,0.95,1.00,0.020,32,19.57,3.8052,55
3315,Lonely Tree,Misto,0.95,1.00,0.020,64,19.09,5.1667,9
3316,Lonely Tree,Misto,0.95,1.00,0.020,128,19.09,8.2683,4
3317,Lonely Tree,Misto,0.95,1.00,0.050,16,19.71,3.4323,30
3318,Lonely Tree,Misto,0.95,1.00,0.050,32,19.08,5.7303,8
3319,Lonely Tree,Misto,0.95,1.00,0.050,64,18.97,7.9143,1
3320,Lonely Tree,Misto,0.95,1.00,0.050,128,19.02,13.1429,0
3321,Lonely Tree,Misto,0.95,1.00,0.100,16,19.07,5.4362,5
3322,Lonely Tree,Misto,0.95,1.00,0.100,32,18.89,7.2973,1
3323,Lonely Tree,Misto,0.95,1.00,0.100,64,19.02,13.1429,0
3324,Lonely Tree,Misto,0.95,1.00,0.100,128,19.33,14.7500,0
3325,Lonely Tree,Misto,0.95,1.00,0.160,16,19.07,7.8837,1
3326,Lonely Tree,Misto,0.95,1.00,0.160,32,19.74,12.0000,0
3327,Lonely Tree,Misto,0.95,1.00,0.160,64,23.50,11.9091,0
3328,Lonely Tree,Misto,0.95,1.00,0.160,128,19.50,14.6250,0
3329,Chinese Wall,Misto,0.50,0.01,0.020,16,26.72,12.0873,61
3330,Chinese Wall,Misto,0.50,0.01,0.020,32,26.82,13.2250,15
3331,Chinese Wall,Misto,0.50,0.01,0.020,64,26.08,14.5158,4
3332,Chinese Wall,Misto,0.50,0.01,0.020,128,25.97,14.8209,5
3333,Chinese Wall,Misto,0.50,0.01,0.050,16,26.44,13.3571,9
3334,Chinese Wall,Misto,0.50,0.01,0.050,32,25.88,14.1750,7
3335,Chinese Wall,Misto,0.50,0.01,0.050,64,26.12,14.5574,1
3336,Chinese Wall,Misto,0.50,0.01,0.050,128,26.13,16.0417,1
3337,Chinese Wall,Misto,0.50,0.01,0.100,16,25.86,14.4557,3
3338,Chinese Wall,Misto,0.50,0.01,0.100,32,26.05,14.7049,1
3339,Chinese Wall,Misto,0.50,0.01,0.100,64,26.12,16.0417,1
3340,Chinese Wall,Misto,0.50,0.01,0.100,128,27.39,17.1463,4
3341,Chinese Wall,Misto,0.50,0.01,0.160,16,25.93,14.8209,1
3342,Chinese Wall,Misto,0.50,0.01,0.160,32,25.92,16.4808,1
3343,Chinese Wall,Misto,0.50,0.01,0.160,64,25.81,17.2046,1
3344,Chinese Wall,Misto,0.50,0.01,0.160,128,26.48,16.7949,0
3345,Chinese Wall,Misto,0.50,0.50,0.020,16,26.72,11.9238,62
3346,Chinese Wall,Misto,0.50,0.50,0.020,32,26.78,12.9693,16
3347,Chinese Wall,Misto,0.50,0.50,0.020,64,26.08,14.5158,4
3348,Chinese Wall,Misto,0.50,0.50,0.020,128,25.97,14.8209,2
3349,Chinese Wall,Misto,0.50,0.50,0.050,16,26.45,13.4640,10
3350,Chinese Wall,Misto,0.50,0.50,0.050,32,25.88,14.1750,3
3351,Chinese Wall,Misto,0.50,0.50,0.050,64,26.12,14.5574,4
3352,Chinese Wall,Misto,0.50,0.50,0.050,128,26.13,16.0417,1
3353,Chinese Wall,Misto,0.50,0.50,0.100,16,25.85,14.0988,3
3354,Chinese Wall,Misto,0.50,0.50,0.100,32,26.05,14.7049,1
3355,Chinese Wall,Misto,0.50,0.50,0.100,64,26.12,16.0417,1
3356,Chinese Wall,Misto,0.50,0.50,0.100,128,27.39,17.1463,1
3357,Chinese Wall,Misto,0.50,0.50,0.160,16,25.93,14.8209,5
3358,Chinese Wall,Misto,0.50,0.50,0.160,32,25.88,16.4423,1
3359,Chinese Wall,Misto,0.50,0.50,0.160,64,25.81,17.2046,1
3360,Chinese Wall,Misto,0.50,0.50,0.160,128,26.48,16.7949,0
3361,Chinese Wall,Misto,0.50,0.75,0.020,16,26.68,11.6786,63
3362,Chinese Wall,Misto,0.50,0.75,0.020,32,26.59,12.6108,16
3363,Chinese Wall,Misto,0.50,0.75,0.020,64,26.04,13.9091,5
3364,Chinese Wall,Misto,0.50,0.75,0.020,128,25.96,14.7911,2
3365,Chinese Wall,Misto,0.50,0.75,0.050,16,26.40,12.7273,10
3366,Chinese Wall,Misto,0.50,0.75,0.050,32,25.88,14.1750,3
3367,Chinese Wall,Misto,0.50,0.75,0.050,64,26.06,14.5574,4
3368,Chinese Wall,Misto,0.50,0.75,0.050,128,25.92,15.6735,1
3369,Chinese Wall,Misto,0.50,0.75,0.100,16,25.84,14.0988,3
3370,Chinese Wall,Misto,0.50,0.75,0.100,32,26.05,14.7049,1
3371,Chinese Wall,Misto,0.50,0.75,0.100,64,25.90,15.6735,1
3372,Chinese Wall,Misto,0.50,0.75,0.100,128,27.25,16.2558,1
3373,Chinese Wall,Misto,0.50,0.75,0.160,16,25.92,14.7911,5
3374,Chinese Wall,Misto,0.50,0.75,0.160,32,25.80,16.3269,1
3375,Chinese Wall,Misto,0.50,0.75,0.160,64,25.59,16.2826,1
3376,Chinese Wall,Misto,0.50,0.75,0.160,128,26.48,16.7949,0
3377,Chinese Wall,Misto,0.50,1.00,0.020,16,26.25,6.4428,370
3378,Chinese Wall,Misto,0.50,1.00,0.020,32,25.88,6.6149,48
3379,Chinese Wall,Misto,0.50,1.00,0.020,64,26.03,12.5413,9
3380,Chinese Wall,Misto,0.50,1.00,0.020,128,25.80,14.5294,3
3381,Chinese Wall,Misto,0.50,1.00,0.050,16,26.35,10.6774,26
3382,Chinese Wall,Misto,0.50,1.00,0.050,32,25.80,13.6145,5
3383,Chinese Wall,Misto,0.50,1.00,0.050,64,25.69,8.4808,1
3384,Chinese Wall,Misto,0.50,1.00,0.050,128,25.86,15.6531,1
3385,Chinese Wall,Misto,0.50,1.00,0.100,16,25.82,13.5476,5
3386,Chinese Wall,Misto,0.50,1.00,0.100,32,25.68,8.4762,2
3387,Chinese Wall,Misto,0.50,1.00,0.100,64,25.85,15.6531,1
3388,Chinese Wall,Misto,0.50,1.00,0.100,128,27.15,16.2093,1
3389,Chinese Wall,Misto,0.50,1.00,0.160,16,25.77,14.5294,2
3390,Chinese Wall,Misto,0.50,1.00,0.160,32,25.62,16.2500,1
3391,Chinese Wall,Misto,0.50,1.00,0.160,64,26.00,13.6731,1
3392,Chinese Wall,Misto,0.50,1.00,0.160,128,26.48,16.7949,3
3393,Chinese Wall,Misto,0.75,0.01,0.020,16,26.72,12.0873,61
3394,Chinese Wall,Misto,0.75,0.01,0.020,32,26.82,13.2250,15
3395,Chinese Wall,Misto,0.75,0.01,0.020,64,26.08,14.5158,8
3396,Chinese Wall,Misto,0.75,0.01,0.020,128,25.97,14.8209,2
3397,Chinese Wall,Misto,0.75,0.01,0.050,16,26.44,13.3571,14
3398,Chinese Wall,Misto,0.75,0.01,0.050,32,25.88,14.1750,3
3399,Chinese Wall,Misto,0.75,0.01,0.050,64,26.12,14.5574,1
3400,Chinese Wall,Misto,0.75,0.01,0.050,128,26.13,16.0417,1
3401,Chinese Wall,Misto,0.75,0.01,0.100,16,25.86,14.4557,3
3402,Chinese Wall,Misto,0.75,0.01,0.100,32,26.05,14.7049,4
3403,Chinese Wall,Misto,0.75,0.01,0.100,64,26.12,16.0417,1
3404,Chinese Wall,Misto,0.75,0.01,0.100,128,27.39,17.1463,1
3405,Chinese Wall,Misto,0.75,0.01,0.160,16,25.93,14.8209,2
3406,Chinese Wall,Misto,0.75,0.01,0.160,32,25.92,16.4808,1
3407,Chinese Wall,Misto,0.75,0.01,0.160,64,25.81,17.2046,1
3408,Chinese Wall,Misto,0.75,0.01,0.160,128,26.48,16.7949,0
3409,Chinese Wall,Misto,0.75,0.50,0.020,16,26.72,11.9238,64
3410,Chinese Wall,Misto,0.75,0.50,0.020,32,26.78,12.9693,16
3411,Chinese Wall,Misto,0.75,0.50,0.020,64,26.08,14.5158,5
3412,Chinese Wall,Misto,0.75,0.50,0.020,128,25.97,14.8209,2
3413,Chinese Wall,Misto,0.75,0.50,0.050,16,26.45,13.4640,9
3414,Chinese Wall,Misto,0.75,0.50,0.050,32,25.88,14.1750,3
3415,Chinese Wall,Misto,0.75,0.50,0.050,64,26.12,14.5574,1
3416,Chinese Wall,Misto,0.75,0.50,0.050,128,26.13,16.0417,1
3417,Chinese Wall,Misto,0.75,0.50,0.100,16,25.85,14.0988,7
3418,Chinese Wall,Misto,0.75,0.50,0.100,32,26.05,14.7049,1
3419,Chinese Wall,Misto,0.75,0.50,0.100,64,26.12,16.0417,1
3420,Chinese Wall,Misto,0.75,0.50,0.100,128,27.39,17.1463,1
3421,Chinese Wall,Misto,0.75,0.50,0.160,16,25.93,14.8209,1
3422,Chinese Wall,Misto,0.75,0.50,0.160,32,25.88,16.4423,1
3423,Chinese Wall,Misto,0.75,0.50,0.160,64,25.81,17.2046,1
3424,Chinese Wall,Misto,0.75,0.50,0.160,128,26.48,16.7949,3
3425,Chinese Wall,Misto,0.75,0.75,0.020,16,26.68,11.6786,80
3426,Chinese Wall,Misto,0.75,0.75,0.020,32,26.59,12.6108,15
3427,Chinese Wall,Misto,0.75,0.75,0.020,64,26.04,13.9091,7
3428,Chinese Wall,Misto,0.75,0.75,0.020,128,25.96,14.7911,2
3429,Chinese Wall,Misto,0.75,0.75,0.050,16,26.40,12.7273,12
3430,Chinese Wall,Misto,0.75,0.75,0.050,32,25.88,14.1750,3
3431,Chinese Wall,Misto,0.75,0.75,0.050,64,26.06,14.5574,1
3432,Chinese Wall,Misto,0.75,0.75,0.050,128,25.92,15.6735,1
3433,Chinese Wall,Misto,0.75,0.75,0.100,16,25.84,14.0988,9
3434,Chinese Wall,Misto,0.75,0.75,0.100,32,26.05,14.7049,1
3435,Chinese Wall,Misto,0.75,0.75,0.100,64,25.90,15.6735,1
3436,Chinese Wall,Misto,0.75,0.75,0.100,128,27.25,16.2558,1
3437,Chinese Wall,Misto,0.75,0.75,0.160,16,25.92,14.7911,1
3438,Chinese Wall,Misto,0.75,0.75,0.160,32,25.80,16.3269,1
3439,Chinese Wall,Misto,0.75,0.75,0.160,64,25.59,16.2826,1
3440,Chinese Wall,Misto,0.75,0.75,0.160,128,26.48,16.7949,0
3441,Chinese Wall,Misto,0.75,1.00,0.020,16,26.25,6.4428,381
3442,Chinese Wall,Misto,0.75,1.00,0.020,32,25.88,6.6149,43
3443,Chinese Wall,Misto,0.75,1.00,0.020,64,26.03,12.5413,14
3444,Chinese Wall,Misto,0.75,1.00,0.020,128,25.80,14.5294,3
3445,Chinese Wall,Misto,0.75,1.00,0.050,16,26.35,10.6774,30
3446,Chinese Wall,Misto,0.75,1.00,0.050,32,25.80,13.6145,5
3447,Chinese Wall,Misto,0.75,1.00,0.050,64,25.69,8.4808,2
3448,Chinese Wall,Misto,0.75,1.00,0.050,128,25.86,15.6531,1
3449,Chinese Wall,Misto,0.75,1.00,0.100,16,25.82,13.5476,5
3450,Chinese Wall,Misto,0.75,1.00,0.100,32,25.68,8.4762,2
3451,Chinese Wall,Misto,0.75,1.00,0.100,64,25.85,15.6531,4
3452,Chinese Wall,Misto,0.75,1.00,0.100,128,27.15,16.2093,1
3453,Chinese Wall,Misto,0.75,1.00,0.160,16,25.77,14.5294,2
3454,Chinese Wall,Misto,0.75,1.00,0.160,32,25.62,16.2500,1
3455,Chinese Wall,Misto,0.75,1.00,0.160,64,26.00,13.6731,1
3456,Chinese Wall,Misto,0.75,1.00,0.160,128,26.48,16.7949,1
3457,Chinese Wall,Misto,0.90,0.01,0.020,16,26.72,12.0873,62
3458,Chinese Wall,Misto,0.90,0.01,0.020,32,26.82,13.2250,19
3459,Chinese Wall,Misto,0.90,0.01,0.020,64,26.08,14.5158,5
3460,Chinese Wall,Misto,0.90,0.01,0.020,128,25.97,14.8209,2
3461,Chinese Wall,Misto,0.90,0.01,0.050,16,26.44,13.3571,10
3462,Chinese Wall,Misto,0.90,0.01,0.050,32,25.88,14.1750,3
3463,Chinese Wall,Misto,0.90,0.01,0.050,64,26.12,14.5574,1
3464,Chinese Wall,Misto,0.90,0.01,0.050,128,26.13,16.0417,1
3465,Chinese Wall,Misto,0.90,0.01,0.100,16,25.88,14.0988,3
3466,Chinese Wall,Misto,0.90,0.01,0.100,32,26.05,14.7049,1
3467,Chinese Wall,Misto,0.90,0.01,0.100,64,26.12,16.0417,1
3468,Chinese Wall,Misto,0.90,0.01,0.100,128,27.39,17.1463,1
3469,Chinese Wall,Misto,0.90,0.01,0.160,16,25.93,14.8209,2
3470,Chinese Wall,Misto,0.90,0.01,0.160,32,25.92,16.4808,1
3471,Chinese Wall,Misto,0.90,0.01,0.160,64,25.81,17.2046,1
3472,Chinese Wall,Misto,0.90,0.01,0.160,128,26.48,16.7949,0
3473,Chinese Wall,Misto,0.90,0.50,0.020,16,26.72,12.0873,75
3474,Chinese Wall,Misto,0.90,0.50,0.020,32,26.82,13.2250,21
3475,Chinese Wall,Misto,0.90,0.50,0.020,64,26.08,14.5158,5
3476,Chinese Wall,Misto,0.90,0.50,0.020,128,25.97,14.8209,2
3477,Chinese Wall,Misto,0.90,0.50,0.050,16,26.45,13.3571,10
3478,Chinese Wall,Misto,0.90,0.50,0.050,32,25.88,14.1750,3
3479,Chinese Wall,Misto,0.90,0.50,0.050,64,26.12,14.5574,1
3480,Chinese Wall,Misto,0.90,0.50,0.050,128,26.13,16.0417,1
3481,Chinese Wall,Misto,0.90,0.50,0.100,16,25.88,14.0988,3
3482,Chinese Wall,Misto,0.90,0.50,0.100,32,26.05,14.7049,4
3483,Chinese Wall,Misto,0.90,0.50,0.100,64,26.12,16.0417,1
3484,Chinese Wall,Misto,0.90,0.50,0.100,128,27.39,17.1463,1
3485,Chinese Wall,Misto,0.90,0.50,0.160,16,25.93,14.8209,1
3486,Chinese Wall,Misto,0.90,0.50,0.160,32,25.92,16.4808,1
3487,Chinese Wall,Misto,0.90,0.50,0.160,64,25.81,17.2046,1
3488,Chinese Wall,Misto,0.90,0.50,0.160,128,26.48,16.7949,0
3489,Chinese Wall,Misto,0.90,0.75,0.020,16,26.69,11.7582,83
3490,Chinese Wall,Misto,0.90,0.75,0.020,32,26.66,12.7758,19
3491,Chinese Wall,Misto,0.90,0.75,0.020,64,26.06,13.9192,5
3492,Chinese Wall,Misto,0.90,0.75,0.020,128,25.96,14.7911,2
3493,Chinese Wall,Misto,0.90,0.75,0.050,16,26.38,13.0310,10
3494,Chinese Wall,Misto,0.90,0.75,0.050,32,25.88,14.1750,3
3495,Chinese Wall,Misto,0.90,0.75,0.050,64,26.06,14.5574,1
3496,Chinese Wall,Misto,0.90,0.75,0.050,128,25.92,15.6735,1
3497,Chinese Wall,Misto,0.90,0.75,0.100,16,25.86,14.0988,6
3498,Chinese Wall,Misto,0.90,0.75,0.100,32,26.05,14.7049,1
3499,Chinese Wall,Misto,0.90,0.75,0.100,64,25.90,15.6735,1
3500,Chinese Wall,Misto,0.90,0.75,0.100,128,27.25,16.3023,1
3501,Chinese Wall,Misto,0.90,0.75,0.160,16,25.92,14.7911,1
3502,Chinese Wall,Misto,0.90,0.75,0.160,32,25.81,16.3654,1
3503,Chinese Wall,Misto,0.90,0.75,0.160,64,25.59,16.2826,1
3504,Chinese Wall,Misto,0.90,0.75,0.160,128,26.48,16.7949,0
3505,Chinese Wall,Misto,0.90,1.00,0.020,16,26.25,6.4428,388
3506,Chinese Wall,Misto,0.90,1.00,0.020,32,25.88,6.6149,43
3507,Chinese Wall,Misto,0.90,1.00,0.020,64,26.03,12.5413,13
3508,Chinese Wall,Misto,0.90,1.00,0.020,128,25.80,14.5294,3
3509,Chinese Wall,Misto,0.90,1.00,0.050,16,26.35,10.6774,33
3510,Chinese Wall,Misto,0.90,1.00,0.050,32,25.80,13.6145,5
3511,Chinese Wall,Misto,0.90,1.00,0.050,64,25.69,8.4808,1
3512,Chinese Wall,Misto,0.90,1.00,0.050,128,25.86,15.6531,1
3513,Chinese Wall,Misto,0.90,1.00,0.100,16,25.82,13.5476,5
3514,Chinese Wall,Misto,0.90,1.00,0.100,32,25.68,8.4762,2
3515,Chinese Wall,Misto,0.90,1.00,0.100,64,25.85,15.6531,1
3516,Chinese Wall,Misto,0.90,1.00,0.100,128,27.15,16.2093,1
3517,Chinese Wall,Misto,0.90,1.00,0.160,16,25.77,14.5294,2
3518,Chinese Wall,Misto,0.90,1.00,0.160,32,25.62,16.2500,1
3519,Chinese Wall,Misto,0.90,1.00,0.160,64,26.00,13.6731,1
3520,Chinese Wall,Misto,0.90,1.00,0.160,128,26.48,16.7949,0
3521,Chinese Wall,Misto,0.95,0.01,0.020,16,26.72,12.0873,74
3522,Chinese Wall,Misto,0.95,0.01,0.020,32,26.81,12.9693,17
3523,Chinese Wall,Misto,0.95,0.01,0.020,64,26.09,13.3592,5
3524,Chinese Wall,Misto,0.95,0.01,0.020,128,25.95,14.8209,2
3525,Chinese Wall,Misto,0.95,0.01,0.050,16,26.47,12.6316,17
3526,Chinese Wall,Misto,0.95,0.01,0.050,32,25.88,14.1750,3
3527,Chinese Wall,Misto,0.95,0.01,0.050,64,26.06,14.5574,1
3528,Chinese Wall,Misto,0.95,0.01,0.050,128,26.13,16.0417,1
3529,Chinese Wall,Misto,0.95,0.01,0.100,16,25.88,14.0988,3
3530,Chinese Wall,Misto,0.95,0.01,0.100,32,26.05,14.7049,1
3531,Chinese Wall,Misto,0.95,0.01,0.100,64,26.12,16.0417,1
3532,Chinese Wall,Misto,0.95,0.01,0.100,128,27.39,17.1463,4
3533,Chinese Wall,Misto,0.95,0.01,0.160,16,25.91,14.8209,2
3534,Chinese Wall,Misto,0.95,0.01,0.160,32,25.92,16.4808,1
3535,Chinese Wall,Misto,0.95,0.01,0.160,64,25.81,17.2046,1
3536,Chinese Wall,Misto,0.95,0.01,0.160,128,26.48,16.7949,0
3537,Chinese Wall,Misto,0.95,0.50,0.020,16,26.72,12.0873,75
3538,Chinese Wall,Misto,0.95,0.50,0.020,32,26.81,12.9693,17
3539,Chinese Wall,Misto,0.95,0.50,0.020,64,26.09,13.3592,5
3540,Chinese Wall,Misto,0.95,0.50,0.020,128,25.95,14.8209,7
3541,Chinese Wall,Misto,0.95,0.50,0.050,16,26.47,12.6316,11
3542,Chinese Wall,Misto,0.95,0.50,0.050,32,25.88,14.1750,3
3543,Chinese Wall,Misto,0.95,0.50,0.050,64,26.06,14.5574,1
3544,Chinese Wall,Misto,0.95,0.50,0.050,128,26.13,16.0417,1
3545,Chinese Wall,Misto,0.95,0.50,0.100,16,25.88,14.0988,3
3546,Chinese Wall,Misto,0.95,0.50,0.100,32,26.05,14.7049,1
3547,Chinese Wall,Misto,0.95,0.50,0.100,64,26.12,16.0417,4
3548,Chinese Wall,Misto,0.95,0.50,0.100,128,27.39,17.1463,1
3549,Chinese Wall,Misto,0.95,0.50,0.160,16,25.91,14.8209,2
3550,Chinese Wall,Misto,0.95,0.50,0.160,32,25.92,16.4808,1
3551,Chinese Wall,Misto,0.95,0.50,0.160,64,25.81,17.2046,1
3552,Chinese Wall,Misto,0.95,0.50,0.160,128,26.48,16.7949,0
3553,Chinese Wall,Misto,0.95,0.75,0.020,16,26.72,12.0873,80
3554,Chinese Wall,Misto,0.95,0.75,0.020,32,26.81,12.9693,17
3555,Chinese Wall,Misto,0.95,0.75,0.020,64,26.09,13.3592,9
3556,Chinese Wall,Misto,0.95,0.75,0.020,128,25.95,14.8209,2
3557,Chinese Wall,Misto,0.95,0.75,0.050,16,26.49,12.4444,14
3558,Chinese Wall,Misto,0.95,0.75,0.050,32,25.88,14.1750,3
3559,Chinese Wall,Misto,0.95,0.75,0.050,64,26.06,14.5574,1
3560,Chinese Wall,Misto,0.95,0.75,0.050,128,26.13,16.0417,1
3561,Chinese Wall,Misto,0.95,0.75,0.100,16,25.88,14.0988,6
3562,Chinese Wall,Misto,0.95,0.75,0.100,32,26.05,14.7049,1
3563,Chinese Wall,Misto,0.95,0.75,0.100,64,26.12,16.0417,1
3564,Chinese Wall,Misto,0.95,0.75,0.100,128,27.39,17.1463,1
3565,Chinese Wall,Misto,0.95,0.75,0.160,16,25.91,14.8209,1
3566,Chinese Wall,Misto,0.95,0.75,0.160,32,25.88,16.4423,1
3567,Chinese Wall,Misto,0.95,0.75,0.160,64,25.75,16.4130,1
3568,Chinese Wall,Misto,0.95,0.75,0.160,128,26.48,16.7949,0
3569,Chinese Wall,Misto,0.95,1.00,0.020,16,26.25,6.4428,381
3570,Chinese Wall,Misto,0.95,1.00,0.020,32,25.88,6.6149,43
3571,Chinese Wall,Misto,0.95,1.00,0.020,64,26.03,12.5413,14
3572,Chinese Wall,Misto,0.95,1.00,0.020,128,25.80,14.5294,3
3573,Chinese Wall,Misto,0.95,1.00,0.050,16,26.35,10.6774,29
3574,Chinese Wall,Misto,0.95,1.00,0.050,32,25.80,13.6145,5
3575,Chinese Wall,Misto,0.95,1.00,0.050,64,25.69,8.4808,2
3576,Chinese Wall,Misto,0.95,1.00,0.050,128,25.86,15.6531,1
3577,Chinese Wall,Misto,0.95,1.00,0.100,16,25.82,13.5476,5
3578,Chinese Wall,Misto,0.95,1.00,0.100,32,25.68,8.4762,2
3579,Chinese Wall,Misto,0.95,1.00,0.100,64,25.85,15.6531,4
3580,Chinese Wall,Misto,0.95,1.00,0.100,128,27.15,16.2093,1
3581,Chinese Wall,Misto,0.95,1.00,0.160,16,25.77,14.5294,2
3582,Chinese Wall,Misto,0.95,1.00,0.160,32,25.62,16.2500,1
3583,Chinese Wall,Misto,0.95,1.00,0.160,64,26.00,13.6731,1
3584,Chinese Wall,Misto,0.95,1.00,0.160,128,26.48,16.7949,0
3585,Boulder,Misto,0.50,0.01,0.020,16,28.15,10.6975,143
3586,Boulder,Misto,0.50,0.01,0.020,32,27.11,7.6124,30
3587,Boulder,Misto,0.50,0.01,0.020,64,26.22,13.9674,5
3588,Boulder,Misto,0.50,0.01,0.020,128,25.47,16.5385,3
3589,Boulder,Misto,0.50,0.01,0.050,16,27.51,12.7520,15
3590,Boulder,Misto,0.50,0.01,0.050,32,25.78,11.6296,3
3591,Boulder,Misto,0.50,0.01,0.050,64,25.48,14.8068,2
3592,Boulder,Misto,0.50,0.01,0.050,128,25.24,15.9737,1
3593,Boulder,Misto,0.50,0.01,0.100,16,25.74,12.5200,7
3594,Boulder,Misto,0.50,0.01,0.100,32,25.25,14.3034,2
3595,Boulder,Misto,0.50,0.01,0.100,64,25.23,15.9737,1
3596,Boulder,Misto,0.50,0.01,0.100,128,30.10,15.9877,2
3597,Boulder,Misto,0.50,0.01,0.160,16,25.48,17.0357,3
3598,Boulder,Misto,0.50,0.01,0.160,32,26.12,16.9280,5
3599,Boulder,Misto,0.50,0.01,0.160,64,25.87,15.7125,2
3600,Boulder,Misto,0.50,0.01,0.160,128,30.28,15.9146,1
3601,Boulder,Misto,0.50,0.50,0.020,16,28.26,10.4739,139
3602,Boulder,Misto,0.50,0.50,0.020,32,27.11,7.6124,33
3603,Boulder,Misto,0.50,0.50,0.020,64,26.31,14.0000,5
3604,Boulder,Misto,0.50,0.50,0.020,128,25.44,16.6264,3
3605,Boulder,Misto,0.50,0.50,0.050,16,27.50,12.7760,16
3606,Boulder,Misto,0.50,0.50,0.050,32,25.77,11.2143,4
3607,Boulder,Misto,0.50,0.50,0.050,64,25.59,15.2614,2
3608,Boulder,Misto,0.50,0.50,0.050,128,25.22,16.0526,1
3609,Boulder,Misto,0.50,0.50,0.100,16,25.74,12.5200,3
3610,Boulder,Misto,0.50,0.50,0.100,32,25.28,14.1444,2
3611,Boulder,Misto,0.50,0.50,0.100,64,25.21,16.0526,1
3612,Boulder,Misto,0.50,0.50,0.100,128,30.10,15.9877,2
3613,Boulder,Misto,0.50,0.50,0.160,16,25.48,17.0357,3
3614,Boulder,Misto,0.50,0.50,0.160,32,26.12,16.9280,10
3615,Boulder,Misto,0.50,0.50,0.160,64,25.87,15.7125,2
3616,Boulder,Misto,0.50,0.50,0.160,128,30.28,15.9146,1
3617,Boulder,Misto,0.50,0.75,0.020,16,28.11,10.4739,354
3618,Boulder,Misto,0.50,0.75,0.020,32,25.69,7.0337,42
3619,Boulder,Misto,0.50,0.75,0.020,64,26.16,13.9457,9
3620,Boulder,Misto,0.50,0.75,0.020,128,25.44,16.6264,4
3621,Boulder,Misto,0.50,0.75,0.050,16,27.52,11.2979,34
3622,Boulder,Misto,0.50,0.75,0.050,32,25.91,10.8276,5
3623,Boulder,Misto,0.50,0.75,0.050,64,25.57,15.2614,3
3624,Boulder,Misto,0.50,0.75,0.050,128,24.52,5.2727,2
3625,Boulder,Misto,0.50,0.75,0.100,16,25.74,12.5200,9
3626,Boulder,Misto,0.50,0.75,0.100,32,25.56,15.2135,3
3627,Boulder,Misto,0.50,0.75,0.100,64,24.51,5.2727,2
3628,Boulder,Misto,0.50,0.75,0.100,128,30.10,15.9877,2
3629,Boulder,Misto,0.50,0.75,0.160,16,25.48,17.0357,3
3630,Boulder,Misto,0.50,0.75,0.160,32,26.12,16.9280,10
3631,Boulder,Misto,0.50,0.75,0.160,64,25.87,15.7125,2
3632,Boulder,Misto,0.50,0.75,0.160,128,28.29,6.6810,2
3633,Boulder,Misto,0.50,1.00,0.020,16,25.16,4.8456,529
3634,Boulder,Misto,0.50,1.00,0.020,32,25.01,6.1700,56
3635,Boulder,Misto,0.50,1.00,0.020,64,24.80,7.3176,17
3636,Boulder,Misto,0.50,1.00,0.020,128,24.07,8.4702,3
3637,Boulder,Misto,0.50,1.00,0.050,16,24.93,6.0602,46
3638,Boulder,Misto,0.50,1.00,0.050,32,24.38,6.1415,7
3639,Boulder,Misto,0.50,1.00,0.050,64,24.12,9.1181,3
3640,Boulder,Misto,0.50,1.00,0.050,128,23.26,7.8252,6
3641,Boulder,Misto,0.50,1.00,0.100,16,24.52,5.9364,7
3642,Boulder,Misto,0.50,1.00,0.100,32,24.11,9.0938,3
3643,Boulder,Misto,0.50,1.00,0.100,64,23.26,7.8252,2
3644,Boulder,Misto,0.50,1.00,0.100,128,27.97,7.1364,2
3645,Boulder,Misto,0.50,1.00,0.160,16,24.02,8.5874,8
3646,Boulder,Misto,0.50,1.00,0.160,32,23.81,9.5404,2
3647,Boulder,Misto,0.50,1.00,0.160,64,24.46,7.2692,2
3648,Boulder,Misto,0.50,1.00,0.160,128,28.29,6.6810,2
3649,Boulder,Misto,0.75,0.01,0.020,16,28.15,10.6975,142
3650,Boulder,Misto,0.75,0.01,0.020,32,27.11,7.6124,35
3651,Boulder,Misto,0.75,0.01,0.020,64,26.22,13.9674,5
3652,Boulder,Misto,0.75,0.01,0.020,128,25.47,16.5385,3
3653,Boulder,Misto,0.75,0.01,0.050,16,27.51,12.7520,15
3654,Boulder,Misto,0.75,0.01,0.050,32,25.78,11.6296,3
3655,Boulder,Misto,0.75,0.01,0.050,64,25.48,14.8068,2
3656,Boulder,Misto,0.75,0.01,0.050,128,25.24,15.9737,6
3657,Boulder,Misto,0.75,0.01,0.100,16,25.74,12.5200,3
3658,Boulder,Misto,0.75,0.01,0.100,32,25.25,14.3034,2
3659,Boulder,Misto,0.75,0.01,0.100,64,25.23,15.9737,1
3660,Boulder,Misto,0.75,0.01,0.100,128,30.10,15.9877,2
3661,Boulder,Misto,0.75,0.01,0.160,16,25.48,17.0357,7
3662,Boulder,Misto,0.75,0.01,0.160,32,26.12,16.9280,2
3663,Boulder,Misto,0.75,0.01,0.160,64,25.87,15.7125,2
3664,Boulder,Misto,0.75,0.01,0.160,128,30.28,15.9146,1
3665,Boulder,Misto,0.75,0.50,0.020,16,28.26,10.4739,139
3666,Boulder,Misto,0.75,0.50,0.020,32,27.11,7.6124,31
3667,Boulder,Misto,0.75,0.50,0.020,64,26.31,14.0000,6
3668,Boulder,Misto,0.75,0.50,0.020,128,25.44,16.6264,3
3669,Boulder,Misto,0.75,0.50,0.050,16,27.50,12.7760,16
3670,Boulder,Misto,0.75,0.50,0.050,32,25.77,11.2143,4
3671,Boulder,Misto,0.75,0.50,0.050,64,25.59,15.2614,5
3672,Boulder,Misto,0.75,0.50,0.050,128,25.22,16.0526,1
3673,Boulder,Misto,0.75,0.50,0.100,16,25.74,12.5200,3
3674,Boulder,Misto,0.75,0.50,0.100,32,25.28,14.1444,2
3675,Boulder,Misto,0.75,0.50,0.100,64,25.21,16.0526,1
3676,Boulder,Misto,0.75,0.50,0.100,128,30.10,15.9877,5
3677,Boulder,Misto,0.75,0.50,0.160,16,25.48,17.0357,3
3678,Boulder,Misto,0.75,0.50,0.160,32,26.12,16.9280,2
3679,Boulder,Misto,0.75,0.50,0.160,64,25.87,15.7125,2
3680,Boulder,Misto,0.75,0.50,0.160,128,30.28,15.9146,1
3681,Boulder,Misto,0.75,0.75,0.020,16,28.11,10.4739,310
3682,Boulder,Misto,0.75,0.75,0.020,32,25.69,7.0337,36
3683,Boulder,Misto,0.75,0.75,0.020,64,26.16,13.9457,9
3684,Boulder,Misto,0.75,0.75,0.020,128,25.44,16.6264,4
3685,Boulder,Misto,0.75,0.75,0.050,16,27.52,11.2979,27
3686,Boulder,Misto,0.75,0.75,0.050,32,25.91,10.8276,5
3687,Boulder,Misto,0.75,0.75,0.050,64,25.57,15.2614,3
3688,Boulder,Misto,0.75,0.75,0.050,128,24.52,5.2727,6
3689,Boulder,Misto,0.75,0.75,0.100,16,25.74,12.5200,5
3690,Boulder,Misto,0.75,0.75,0.100,32,25.56,15.2135,3
3691,Boulder,Misto,0.75,0.75,0.100,64,24.51,5.2727,2
3692,Boulder,Misto,0.75,0.75,0.100,128,30.10,15.9877,5
3693,Boulder,Misto,0.75,0.75,0.160,16,25.48,17.0357,4
3694,Boulder,Misto,0.75,0.75,0.160,32,26.12,16.9280,2
3695,Boulder,Misto,0.75,0.75,0.160,64,25.87,15.7125,2
3696,Boulder,Misto,0.75,0.75,0.160,128,28.29,6.6810,2
3697,Boulder,Misto,0.75,1.00,0.020,16,25.16,4.8456,523
3698,Boulder,Misto,0.75,1.00,0.020,32,25.01,6.1700,62
3699,Boulder,Misto,0.75,1.00,0.020,64,24.80,7.3176,14
3700,Boulder,Misto,0.75,1.00,0.020,128,24.07,8.4702,4
3701,Boulder,Misto,0.75,1.00,0.050,16,24.93,6.0602,46
3702,Boulder,Misto,0.75,1.00,0.050,32,24.38,6.1415,7
3703,Boulder,Misto,0.75,1.00,0.050,64,24.12,9.1181,3
3704,Boulder,Misto,0.75,1.00,0.050,128,23.26,7.8252,6
3705,Boulder,Misto,0.75,1.00,0.100,16,24.52,5.9364,7
3706,Boulder,Misto,0.75,1.00,0.100,32,24.11,9.0938,3
3707,Boulder,Misto,0.75,1.00,0.100,64,23.26,7.8252,2
3708,Boulder,Misto,0.75,1.00,0.100,128,27.97,7.1364,2
3709,Boulder,Misto,0.75,1.00,0.160,16,24.02,8.5874,3
3710,Boulder,Misto,0.75,1.00,0.160,32,23.81,9.5404,3
3711,Boulder,Misto,0.75,1.00,0.160,64,24.46,7.2692,2
3712,Boulder,Misto,0.75,1.00,0.160,128,28.29,6.6810,2
3713,Boulder,Misto,0.90,0.01,0.020,16,28.15,10.6975,157
3714,Boulder,Misto,0.90,0.01,0.020,32,27.11,7.6124,33
3715,Boulder,Misto,0.90,0.01,0.020,64,26.22,13.9674,5
3716,Boulder,Misto,0.90,0.01,0.020,128,25.45,16.5824,6
3717,Boulder,Misto,0.90,0.01,0.050,16,27.50,12.7520,16
3718,Boulder,Misto,0.90,0.01,0.050,32,25.84,11.2143,3
3719,Boulder,Misto,0.90,0.01,0.050,64,25.48,14.8068,2
3720,Boulder,Misto,0.90,0.01,0.050,128,25.24,15.9737,1
3721,Boulder,Misto,0.90,0.01,0.100,16,25.74,12.5200,3
3722,Boulder,Misto,0.90,0.01,0.100,32,25.47,14.7079,9
3723,Boulder,Misto,0.90,0.01,0.100,64,25.23,15.9737,1
3724,Boulder,Misto,0.90,0.01,0.100,128,30.10,15.9877,2
3725,Boulder,Misto,0.90,0.01,0.160,16,25.48,17.0357,3
3726,Boulder,Misto,0.90,0.01,0.160,32,26.12,16.9280,2
3727,Boulder,Misto,0.90,0.01,0.160,64,25.87,15.7125,5
3728,Boulder,Misto,0.90,0.01,0.160,128,30.28,15.9146,1
3729,Boulder,Misto,0.90,0.50,0.020,16,28.28,10.5474,165
3730,Boulder,Misto,0.90,0.50,0.020,32,27.11,7.6124,30
3731,Boulder,Misto,0.90,0.50,0.020,64,26.31,14.0000,6
3732,Boulder,Misto,0.90,0.50,0.020,128,25.44,16.6264,3
3733,Boulder,Misto,0.90,0.50,0.050,16,27.50,12.7760,21
3734,Boulder,Misto,0.90,0.50,0.050,32,25.82,11.2143,4
3735,Boulder,Misto,0.90,0.50,0.050,64,25.48,14.8068,2
3736,Boulder,Misto,0.90,0.50,0.050,128,25.22,16.0526,2
3737,Boulder,Misto,0.90,0.50,0.100,16,25.74,12.5200,4
3738,Boulder,Misto,0.90,0.50,0.100,32,25.47,14.7079,2
3739,Boulder,Misto,0.90,0.50,0.100,64,25.21,16.0526,1
3740,Boulder,Misto,0.90,0.50,0.100,128,30.10,15.9877,5
3741,Boulder,Misto,0.90,0.50,0.160,16,25.48,17.0357,3
3742,Boulder,Misto,0.90,0.50,0.160,32,26.12,16.9280,2
3743,Boulder,Misto,0.90,0.50,0.160,64,25.87,15.7125,2
3744,Boulder,Misto,0.90,0.50,0.160,128,30.28,15.9146,5
3745,Boulder,Misto,0.90,0.75,0.020,16,28.09,10.4739,316
3746,Boulder,Misto,0.90,0.75,0.020,32,25.90,7.2901,51
3747,Boulder,Misto,0.90,0.75,0.020,64,26.31,14.0000,7
3748,Boulder,Misto,0.90,0.75,0.020,128,25.44,16.6264,3
3749,Boulder,Misto,0.90,0.75,0.050,16,27.50,11.6277,24
3750,Boulder,Misto,0.90,0.75,0.050,32,25.90,10.8276,9
3751,Boulder,Misto,0.90,0.75,0.050,64,25.57,15.2614,3
3752,Boulder,Misto,0.90,0.75,0.050,128,24.52,5.2727,2
3753,Boulder,Misto,0.90,0.75,0.100,16,25.74,12.5200,5
3754,Boulder,Misto,0.90,0.75,0.100,32,25.56,15.2135,7
3755,Boulder,Misto,0.90,0.75,0.100,64,24.51,5.2727,2
3756,Boulder,Misto,0.90,0.75,0.100,128,30.10,15.9877,2
3757,Boulder,Misto,0.90,0.75,0.160,16,25.48,17.0357,3
3758,Boulder,Misto,0.90,0.75,0.160,32,26.12,16.9280,5
3759,Boulder,Misto,0.90,0.75,0.160,64,25.87,15.7125,2
3760,Boulder,Misto,0.90,0.75,0.160,128,28.63,6.4429,2
3761,Boulder,Misto,0.90,1.00,0.020,16,25.16,4.8456,503
3762,Boulder,Misto,0.90,1.00,0.020,32,25.01,6.1700,62
3763,Boulder,Misto,0.90,1.00,0.020,64,24.80,7.3176,14
3764,Boulder,Misto,0.90,1.00,0.020,128,24.07,8.4702,4
3765,Boulder,Misto,0.90,1.00,0.050,16,24.93,6.0602,47
3766,Boulder,Misto,0.90,1.00,0.050,32,24.38,6.1415,7
3767,Boulder,Misto,0.90,1.00,0.050,64,24.12,9.1181,3
3768,Boulder,Misto,0.90,1.00,0.050,128,23.26,7.8252,5
3769,Boulder,Misto,0.90,1.00,0.100,16,24.52,5.9364,7
3770,Boulder,Misto,0.90,1.00,0.100,32,24.11,9.0938,3
3771,Boulder,Misto,0.90,1.00,0.100,64,23.26,7.8252,2
3772,Boulder,Misto,0.90,1.00,0.100,128,27.97,7.1364,2
3773,Boulder,Misto,0.90,1.00,0.160,16,24.02,8.5874,8
3774,Boulder,Misto,0.90,1.00,0.160,32,23.81,9.5404,2
3775,Boulder,Misto,0.90,1.00,0.160,64,24.46,7.2692,2
3776,Boulder,Misto,0.90,1.00,0.160,128,28.29,6.6810,2
3777,Boulder,Misto,0.95,0.01,0.020,16,25.92,5.8126,403
3778,Boulder,Misto,0.95,0.01,0.020,32,25.50,7.1423,42
3779,Boulder,Misto,0.95,0.01,0.020,64,26.28,13.5368,13
3780,Boulder,Misto,0.95,0.01,0.020,128,25.44,16.6264,4
3781,Boulder,Misto,0.95,0.01,0.050,16,27.32,11.7037,31
3782,Boulder,Misto,0.95,0.01,0.050,32,25.99,11.4182,5
3783,Boulder,Misto,0.95,0.01,0.050,64,25.54,15.0690,3
3784,Boulder,Misto,0.95,0.01,0.050,128,23.26,7.8252,2
3785,Boulder,Misto,0.95,0.01,0.100,16,25.76,12.5200,9
3786,Boulder,Misto,0.95,0.01,0.100,32,25.55,14.9773,3
3787,Boulder,Misto,0.95,0.01,0.100,64,23.26,7.8252,2
3788,Boulder,Misto,0.95,0.01,0.100,128,30.10,15.9877,2
3789,Boulder,Misto,0.95,0.01,0.160,16,25.48,17.0357,4
3790,Boulder,Misto,0.95,0.01,0.160,32,26.12,16.9280,5
3791,Boulder,Misto,0.95,0.01,0.160,64,25.87,15.7125,2
3792,Boulder,Misto,0.95,0.01,0.160,128,30.28,15.9146,2
3793,Boulder,Misto,0.95,0.50,0.020,16,25.92,5.8126,397
3794,Boulder,Misto,0.95,0.50,0.020,32,25.50,7.1423,44
3795,Boulder,Misto,0.95,0.50,0.020,64,26.28,13.5368,10
3796,Boulder,Misto,0.95,0.50,0.020,128,25.44,16.6264,4
3797,Boulder,Misto,0.95,0.50,0.050,16,27.32,11.7037,30
3798,Boulder,Misto,0.95,0.50,0.050,32,25.99,11.4182,5
3799,Boulder,Misto,0.95,0.50,0.050,64,25.54,15.0690,3
3800,Boulder,Misto,0.95,0.50,0.050,128,23.26,7.8252,2
3801,Boulder,Misto,0.95,0.50,0.100,16,25.76,12.5200,5
3802,Boulder,Misto,0.95,0.50,0.100,32,25.55,14.9773,3
3803,Boulder,Misto,0.95,0.50,0.100,64,23.26,7.8252,2
3804,Boulder,Misto,0.95,0.50,0.100,128,30.10,15.9877,2
3805,Boulder,Misto,0.95,0.50,0.160,16,25.48,17.0357,3
3806,Boulder,Misto,0.95,0.50,0.160,32,26.12,16.9280,5
3807,Boulder,Misto,0.95,0.50,0.160,64,25.87,15.7125,2
3808,Boulder,Misto,0.95,0.50,0.160,128,30.28,15.9146,2
3809,Boulder,Misto,0.95,0.75,0.020,16,25.92,5.8126,385
3810,Boulder,Misto,0.95,0.75,0.020,32,25.50,7.1423,45
3811,Boulder,Misto,0.95,0.75,0.020,64,26.27,13.5368,8
3812,Boulder,Misto,0.95,0.75,0.020,128,25.44,16.6264,4
3813,Boulder,Misto,0.95,0.75,0.050,16,27.34,11.7259,28
3814,Boulder,Misto,0.95,0.75,0.050,32,25.99,11.4182,10
3815,Boulder,Misto,0.95,0.75,0.050,64,25.62,15.4368,3
3816,Boulder,Misto,0.95,0.75,0.050,128,23.26,7.8252,2
3817,Boulder,Misto,0.95,0.75,0.100,16,25.76,12.5200,6
3818,Boulder,Misto,0.95,0.75,0.100,32,25.61,15.3864,7
3819,Boulder,Misto,0.95,0.75,0.100,64,23.26,7.8252,2
3820,Boulder,Misto,0.95,0.75,0.100,128,30.10,15.9877,2
3821,Boulder,Misto,0.95,0.75,0.160,16,25.48,17.0357,4
3822,Boulder,Misto,0.95,0.75,0.160,32,26.12,16.9280,9
3823,Boulder,Misto,0.95,0.75,0.160,64,25.87,15.7125,2
3824,Boulder,Misto,0.95,0.75,0.160,128,28.63,6.4429,2
3825,Boulder,Misto,0.95,1.00,0.020,16,25.16,4.8456,513
3826,Boulder,Misto,0.95,1.00,0.020,32,25.01,6.1700,59
3827,Boulder,Misto,0.95,1.00,0.020,64,24.80,7.3176,11
3828,Boulder,Misto,0.95,1.00,0.020,128,24.07,8.4702,3
3829,Boulder,Misto,0.95,1.00,0.050,16,24.93,6.0602,38
3830,Boulder,Misto,0.95,1.00,0.050,32,24.38,6.1415,13
3831,Boulder,Misto,0.95,1.00,0.050,64,24.12,9.1181,3
3832,Boulder,Misto,0.95,1.00,0.050,128,23.26,7.8252,2
3833,Boulder,Misto,0.95,1.00,0.100,16,24.52,5.9364,7
3834,Boulder,Misto,0.95,1.00,0.100,32,24.11,9.0938,6
3835,Boulder,Misto,0.95,1.00,0.100,64,23.26,7.8252,2
3836,Boulder,Misto,0.95,1.00,0.100,128,27.97,7.1364,3
3837,Boulder,Misto,0.95,1.00,0.160,16,24.02,8.5874,3
3838,Boulder,Misto,0.95,1.00,0.160,32,23.81,9.5404,2
3839,Boulder,Misto,0.95,1.00,0.160,64,24.46,7.2692,5
3840,Boulder,Misto,0.95,1.00,0.160,128,28.29,6.6810,2
3841,Forest,Misto,0.50,0.01,0.020,16,23.65,11.0079,96
3842,Forest,Misto,0.50,0.01,0.020,32,23.33,12.2284,21
3843,Forest,Misto,0.50,0.01,0.020,64,22.34,12.8281,5
3844,Forest,Misto,0.50,0.01,0.020,128,22.21,14.4054,2
3845,Forest,Misto,0.50,0.01,0.050,16,22.78,11.2170,13
3846,Forest,Misto,0.50,0.01,0.050,32,23.37,12.0678,4
3847,Forest,Misto,0.50,0.01,0.050,64,23.78,14.2973,1
3848,Forest,Misto,0.50,0.01,0.050,128,21.98,16.6774,1
3849,Forest,Misto,0.50,0.01,0.100,16,23.49,12.1017,4
3850,Forest,Misto,0.50,0.01,0.100,32,23.22,14.4872,2
3851,Forest,Misto,0.50,0.01,0.100,64,21.97,16.6774,1
3852,Forest,Misto,0.50,0.01,0.100,128,21.57,13.5714,0
3853,Forest,Misto,0.50,0.01,0.160,16,22.16,14.4054,2
3854,Forest,Misto,0.50,0.01,0.160,32,24.99,16.2667,1
3855,Forest,Misto,0.50,0.01,0.160,64,24.53,14.3704,1
3856,Forest,Misto,0.50,0.01,0.160,128,22.64,14.1923,0
3857,Forest,Misto,0.50,0.50,0.020,16,23.65,11.0079,96
3858,Forest,Misto,0.50,0.50,0.020,32,23.33,12.2284,17
3859,Forest,Misto,0.50,0.50,0.020,64,22.34,12.8281,5
3860,Forest,Misto,0.50,0.50,0.020,128,22.21,14.4054,2
3861,Forest,Misto,0.50,0.50,0.050,16,22.71,11.0093,13
3862,Forest,Misto,0.50,0.50,0.050,32,23.39,11.6721,4
3863,Forest,Misto,0.50,0.50,0.050,64,23.75,13.5385,2
3864,Forest,Misto,0.50,0.50,0.050,128,21.98,16.6774,4
3865,Forest,Misto,0.50,0.50,0.100,16,23.50,11.7049,4
3866,Forest,Misto,0.50,0.50,0.100,32,23.19,13.7561,1
3867,Forest,Misto,0.50,0.50,0.100,64,21.97,16.6774,1
3868,Forest,Misto,0.50,0.50,0.100,128,21.57,13.5714,0
3869,Forest,Misto,0.50,0.50,0.160,16,22.16,14.4054,2
3870,Forest,Misto,0.50,0.50,0.160,32,24.99,16.2667,1
3871,Forest,Misto,0.50,0.50,0.160,64,24.53,14.3704,3
3872,Forest,Misto,0.50,0.50,0.160,128,22.64,14.1923,0
3873,Forest,Misto,0.50,0.75,0.020,16,23.64,10.8372,133
3874,Forest,Misto,0.50,0.75,0.020,32,23.25,11.6316,26
3875,Forest,Misto,0.50,0.75,0.020,64,22.33,12.8281,5
3876,Forest,Misto,0.50,0.75,0.020,128,22.21,12.9024,2
3877,Forest,Misto,0.50,0.75,0.050,16,22.94,10.8091,18
3878,Forest,Misto,0.50,0.75,0.050,32,23.29,10.8923,5
3879,Forest,Misto,0.50,0.75,0.050,64,23.60,13.7632,2
3880,Forest,Misto,0.50,0.75,0.050,128,21.88,14.1944,1
3881,Forest,Misto,0.50,0.75,0.100,16,23.37,11.6393,5
3882,Forest,Misto,0.50,0.75,0.100,32,23.04,13.9750,2
3883,Forest,Misto,0.50,0.75,0.100,64,21.87,14.1944,1
3884,Forest,Misto,0.50,0.75,0.100,128,21.57,13.5714,0
3885,Forest,Misto,0.50,0.75,0.160,16,22.17,12.9024,2
3886,Forest,Misto,0.50,0.75,0.160,32,24.99,16.2667,1
3887,Forest,Misto,0.50,0.75,0.160,64,24.53,14.3704,0
3888,Forest,Misto,0.50,0.75,0.160,128,22.64,14.1923,0
3889,Forest,Misto,0.50,1.00,0.020,16,22.03,3.2343,404
3890,Forest,Misto,0.50,1.00,0.020,32,21.50,3.5806,67
3891,Forest,Misto,0.50,1.00,0.020,64,21.61,4.5337,11
3892,Forest,Misto,0.50,1.00,0.020,128,21.72,7.3768,5
3893,Forest,Misto,0.50,1.00,0.050,16,21.94,4.4221,39
3894,Forest,Misto,0.50,1.00,0.050,32,22.30,6.6154,13
3895,Forest,Misto,0.50,1.00,0.050,64,22.88,8.5091,3
3896,Forest,Misto,0.50,1.00,0.050,128,21.26,13.5278,1
3897,Forest,Misto,0.50,1.00,0.100,16,22.29,6.6990,8
3898,Forest,Misto,0.50,1.00,0.100,32,22.50,8.1250,3
3899,Forest,Misto,0.50,1.00,0.100,64,21.25,13.5278,2
3900,Forest,Misto,0.50,1.00,0.100,128,21.22,11.5152,0
3901,Forest,Misto,0.50,1.00,0.160,16,21.69,7.3768,9
3902,Forest,Misto,0.50,1.00,0.160,32,24.06,9.6000,2
3903,Forest,Misto,0.50,1.00,0.160,64,23.77,12.1250,1
3904,Forest,Misto,0.50,1.00,0.160,128,22.33,11.9032,0
3905,Forest,Misto,0.75,0.01,0.020,16,23.65,11.0079,82
3906,Forest,Misto,0.75,0.01,0.020,32,23.33,12.2284,17
3907,Forest,Misto,0.75,0.01,0.020,64,22.34,12.8281,5
3908,Forest,Misto,0.75,0.01,0.020,128,22.21,14.4054,2
3909,Forest,Misto,0.75,0.01,0.050,16,22.78,11.2170,13
3910,Forest,Misto,0.75,0.01,0.050,32,23.37,12.0678,11
3911,Forest,Misto,0.75,0.01,0.050,64,23.78,14.2973,7
3912,Forest,Misto,0.75,0.01,0.050,128,21.98,16.6774,1
3913,Forest,Misto,0.75,0.01,0.100,16,23.49,12.1017,3
3914,Forest,Misto,0.75,0.01,0.100,32,23.22,14.4872,1
3915,Forest,Misto,0.75,0.01,0.100,64,21.97,16.6774,1
3916,Forest,Misto,0.75,0.01,0.100,128,21.57,13.5714,0
3917,Forest,Misto,0.75,0.01,0.160,16,22.16,14.4054,6
3918,Forest,Misto,0.75,0.01,0.160,32,24.99,16.2667,1
3919,Forest,Misto,0.75,0.01,0.160,64,24.53,14.3704,0
3920,Forest,Misto,0.75,0.01,0.160,128,22.64,14.1923,0
3921,Forest,Misto,0.75,0.50,0.020,16,23.65,11.0079,86
3922,Forest,Misto,0.75,0.50,0.020,32,23.33,12.2284,18
3923,Forest,Misto,0.75,0.50,0.020,64,22.34,12.8281,12
3924,Forest,Misto,0.75,0.50,0.020,128,22.21,14.4054,2
3925,Forest,Misto,0.75,0.50,0.050,16,22.71,11.0093,19
3926,Forest,Misto,0.75,0.50,0.050,32,23.39,11.6721,4
3927,Forest,Misto,0.75,0.50,0.050,64,23.75,13.5385,2
3928,Forest,Misto,0.75,0.50,0.050,128,21.98,16.6774,1
3929,Forest,Misto,0.75,0.50,0.100,16,23.50,11.7049,3
3930,Forest,Misto,0.75,0.50,0.100,32,23.19,13.7561,5
3931,Forest,Misto,0.75,0.50,0.100,64,21.97,16.6774,1
3932,Forest,Misto,0.75,0.50,0.100,128,21.57,13.5714,0
3933,Forest,Misto,0.75,0.50,0.160,16,22.16,14.4054,2
3934,Forest,Misto,0.75,0.50,0.160,32,24.99,16.2667,1
3935,Forest,Misto,0.75,0.50,0.160,64,24.53,14.3704,0
3936,Forest,Misto,0.75,0.50,0.160,128,22.64,14.1923,0
3937,Forest,Misto,0.75,0.75,0.020,16,23.64,10.8372,126
3938,Forest,Misto,0.75,0.75,0.020,32,23.25,11.6316,28
3939,Forest,Misto,0.75,0.75,0.020,64,22.33,12.8281,5
3940,Forest,Misto,0.75,0.75,0.020,128,22.21,12.9024,2
3941,Forest,Misto,0.75,0.75,0.050,16,22.94,10.8091,18
3942,Forest,Misto,0.75,0.75,0.050,32,23.29,10.8923,5
3943,Forest,Misto,0.75,0.75,0.050,64,23.60,13.7632,2
3944,Forest,Misto,0.75,0.75,0.050,128,21.88,14.1944,1
3945,Forest,Misto,0.75,0.75,0.100,16,23.37,11.6393,8
3946,Forest,Misto,0.75,0.75,0.100,32,23.04,13.9750,2
3947,Forest,Misto,0.75,0.75,0.100,64,21.87,14.1944,1
3948,Forest,Misto,0.75,0.75,0.100,128,21.57,13.5714,0
3949,Forest,Misto,0.75,0.75,0.160,16,22.17,12.9024,2
3950,Forest,Misto,0.75,0.75,0.160,32,24.99,16.2667,1
3951,Forest,Misto,0.75,0.75,0.160,64,24.53,14.3704,0
3952,Forest,Misto,0.75,0.75,0.160,128,22.64,14.1923,0
3953,Forest,Misto,0.75,1.00,0.020,16,22.03,3.2343,442
3954,Forest,Misto,0.75,1.00,0.020,32,21.50,3.5806,63
3955,Forest,Misto,0.75,1.00,0.020,64,21.61,4.5337,11
3956,Forest,Misto,0.75,1.00,0.020,128,21.72,7.3768,8
3957,Forest,Misto,0.75,1.00,0.050,16,21.94,4.4221,40
3958,Forest,Misto,0.75,1.00,0.050,32,22.30,6.6154,8
3959,Forest,Misto,0.75,1.00,0.050,64,22.88,8.5091,3
3960,Forest,Misto,0.75,1.00,0.050,128,21.26,13.5278,1
3961,Forest,Misto,0.75,1.00,0.100,16,22.29,6.6990,8
3962,Forest,Misto,0.75,1.00,0.100,32,22.50,8.1250,7
3963,Forest,Misto,0.75,1.00,0.100,64,21.25,13.5278,1
3964,Forest,Misto,0.75,1.00,0.100,128,21.22,11.5152,0
3965,Forest,Misto,0.75,1.00,0.160,16,21.69,7.3768,3
3966,Forest,Misto,0.75,1.00,0.160,32,24.06,9.6000,2
3967,Forest,Misto,0.75,1.00,0.160,64,23.77,12.1250,1
3968,Forest,Misto,0.75,1.00,0.160,128,22.33,11.9032,0
3969,Forest,Misto,0.90,0.01,0.020,16,23.65,11.0079,107
3970,Forest,Misto,0.90,0.01,0.020,32,23.02,10.6831,21
3971,Forest,Misto,0.90,0.01,0.020,64,22.36,11.8841,5
3972,Forest,Misto,0.90,0.01,0.020,128,22.21,14.4054,2
3973,Forest,Misto,0.90,0.01,0.050,16,22.92,11.1869,19
3974,Forest,Misto,0.90,0.01,0.050,32,23.25,7.6237,5
3975,Forest,Misto,0.90,0.01,0.050,64,23.83,13.8947,2
3976,Forest,Misto,0.90,0.01,0.050,128,21.98,16.6774,1
3977,Forest,Misto,0.90,0.01,0.100,16,23.36,7.6452,4
3978,Forest,Misto,0.90,0.01,0.100,32,23.27,14.1000,1
3979,Forest,Misto,0.90,0.01,0.100,64,21.97,16.6774,1
3980,Forest,Misto,0.90,0.01,0.100,128,21.57,13.5714,0
3981,Forest,Misto,0.90,0.01,0.160,16,22.16,14.4054,7
3982,Forest,Misto,0.90,0.01,0.160,32,24.99,16.2667,1
3983,Forest,Misto,0.90,0.01,0.160,64,24.53,14.3704,0
3984,Forest,Misto,0.90,0.01,0.160,128,22.64,14.1923,0
3985,Forest,Misto,0.90,0.50,0.020,16,23.65,11.0079,89
3986,Forest,Misto,0.90,0.50,0.020,32,23.02,10.6831,17
3987,Forest,Misto,0.90,0.50,0.020,64,22.36,11.8841,5
3988,Forest,Misto,0.90,0.50,0.020,128,22.21,14.4054,2
3989,Forest,Misto,0.90,0.50,0.050,16,22.86,11.1869,14
3990,Forest,Misto,0.90,0.50,0.050,32,23.21,7.6022,8
3991,Forest,Misto,0.90,0.50,0.050,64,23.83,13.8947,2
3992,Forest,Misto,0.90,0.50,0.050,128,21.98,16.6774,1
3993,Forest,Misto,0.90,0.50,0.100,16,23.37,7.6452,4
3994,Forest,Misto,0.90,0.50,0.100,32,23.27,14.1000,1
3995,Forest,Misto,0.90,0.50,0.100,64,21.97,16.6774,1
3996,Forest,Misto,0.90,0.50,0.100,128,21.57,13.5714,0
3997,Forest,Misto,0.90,0.50,0.160,16,22.16,14.4054,5
3998,Forest,Misto,0.90,0.50,0.160,32,24.99,16.2667,1
3999,Forest,Misto,0.90,0.50,0.160,64,24.53,14.3704,0
4000,Forest,Misto,0.90,0.50,0.160,128,22.64,14.1923,0
4001,Forest,Misto,0.90,0.75,0.020,16,23.65,10.9219,125
4002,Forest,Misto,0.90,0.75,0.020,32,23.02,10.5347,26
4003,Forest,Misto,0.90,0.75,0.020,64,22.35,11.8841,5
4004,Forest,Misto,0.90,0.75,0.020,128,22.25,12.9512,2
4005,Forest,Misto,0.90,0.75,0.050,16,23.01,10.9817,19
4006,Forest,Misto,0.90,0.75,0.050,32,22.86,6.8333,8
4007,Forest,Misto,0.90,0.75,0.050,64,23.69,13.7632,2
4008,Forest,Misto,0.90,0.75,0.050,128,21.88,14.1944,1
4009,Forest,Misto,0.90,0.75,0.100,16,22.89,7.1856,4
4010,Forest,Misto,0.90,0.75,0.100,32,23.13,13.9750,2
4011,Forest,Misto,0.90,0.75,0.100,64,21.87,14.1944,1
4012,Forest,Misto,0.90,0.75,0.100,128,21.57,13.5714,0
4013,Forest,Misto,0.90,0.75,0.160,16,22.21,12.9512,5
4014,Forest,Misto,0.90,0.75,0.160,32,24.99,16.2667,1
4015,Forest,Misto,0.90,0.75,0.160,64,24.53,14.3704,0
4016,Forest,Misto,0.90,0.75,0.160,128,22.64,14.1923,0
4017,Forest,Misto,0.90,1.00,0.020,16,22.03,3.2343,420
4018,Forest,Misto,0.90,1.00,0.020,32,21.50,3.5806,63
4019,Forest,Misto,0.90,1.00,0.020,64,21.61,4.5337,38
4020,Forest,Misto,0.90,1.00,0.020,128,21.72,7.3768,4
4021,Forest,Misto,0.90,1.00,0.050,16,21.94,4.4221,40
4022,Forest,Misto,0.90,1.00,0.050,32,22.30,6.6154,8
4023,Forest,Misto,0.90,1.00,0.050,64,22.88,8.5091,7
4024,Forest,Misto,0.90,1.00,0.050,128,21.26,13.5278,1
4025,Forest,Misto,0.90,1.00,0.100,16,22.29,6.6990,8
4026,Forest,Misto,0.90,1.00,0.100,32,22.50,8.1250,3
4027,Forest,Misto,0.90,1.00,0.100,64,21.25,13.5278,1
4028,Forest,Misto,0.90,1.00,0.100,128,21.22,11.5152,0
4029,Forest,Misto,0.90,1.00,0.160,16,21.69,7.3768,3
4030,Forest,Misto,0.90,1.00,0.160,32,24.06,9.6000,2
4031,Forest,Misto,0.90,1.00,0.160,64,23.77,12.1250,1
4032,Forest,Misto,0.90,1.00,0.160,128,22.33,11.9032,0
4033,Forest,Misto,0.95,0.01,0.020,16,22.96,9.5315,132
4034,Forest,Misto,0.95,0.01,0.020,32,22.49,9.4780,24
4035,Forest,Misto,0.95,0.01,0.020,64,22.10,10.2785,13
4036,Forest,Misto,0.95,0.01,0.020,128,22.05,13.6154,2
4037,Forest,Misto,0.95,0.01,0.050,16,22.86,6.7784,26
4038,Forest,Misto,0.95,0.01,0.050,32,22.52,7.2421,5
4039,Forest,Misto,0.95,0.01,0.050,64,23.67,13.7368,2
4040,Forest,Misto,0.95,0.01,0.050,128,21.98,16.6774,1
4041,Forest,Misto,0.95,0.01,0.100,16,22.49,7.1875,9
4042,Forest,Misto,0.95,0.01,0.100,32,23.11,13.9500,2
4043,Forest,Misto,0.95,0.01,0.100,64,21.97,16.6774,1
4044,Forest,Misto,0.95,0.01,0.100,128,21.57,13.5714,0
4045,Forest,Misto,0.95,0.01,0.160,16,22.01,13.6154,2
4046,Forest,Misto,0.95,0.01,0.160,32,24.06,9.6000,1
4047,Forest,Misto,0.95,0.01,0.160,64,24.53,14.3704,0
4048,Forest,Misto,0.95,0.01,0.160,128,22.64,14.1923,0
4049,Forest,Misto,0.95,0.50,0.020,16,22.96,9.5315,132
4050,Forest,Misto,0.95,0.50,0.020,32,22.49,9.4780,39
4051,Forest,Misto,0.95,0.50,0.020,64,22.10,10.2785,5
4052,Forest,Misto,0.95,0.50,0.020,128,22.05,13.6154,2
4053,Forest,Misto,0.95,0.50,0.050,16,22.86,6.7784,19
4054,Forest,Misto,0.95,0.50,0.050,32,22.52,7.2421,8
4055,Forest,Misto,0.95,0.50,0.050,64,23.67,13.7368,2
4056,Forest,Misto,0.95,0.50,0.050,128,21.98,16.6774,1
4057,Forest,Misto,0.95,0.50,0.100,16,22.49,7.1875,5
4058,Forest,Misto,0.95,0.50,0.100,32,23.11,13.9500,2
4059,Forest,Misto,0.95,0.50,0.100,64,21.97,16.6774,1
4060,Forest,Misto,0.95,0.50,0.100,128,21.57,13.5714,0
4061,Forest,Misto,0.95,0.50,0.160,16,22.01,13.6154,6
4062,Forest,Misto,0.95,0.50,0.160,32,24.06,9.6000,1
4063,Forest,Misto,0.95,0.50,0.160,64,24.53,14.3704,0
4064,Forest,Misto,0.95,0.50,0.160,128,22.64,14.1923,0
4065,Forest,Misto,0.95,0.75,0.020,16,22.96,9.5315,137
4066,Forest,Misto,0.95,0.75,0.020,32,22.49,9.4780,26
4067,Forest,Misto,0.95,0.75,0.020,64,22.10,10.2785,5
4068,Forest,Misto,0.95,0.75,0.020,128,22.05,13.6154,2
4069,Forest,Misto,0.95,0.75,0.050,16,22.81,6.7784,23
4070,Forest,Misto,0.95,0.75,0.050,32,22.52,7.2421,5
4071,Forest,Misto,0.95,0.75,0.050,64,23.67,13.7368,2
4072,Forest,Misto,0.95,0.75,0.050,128,21.88,14.1944,1
4073,Forest,Misto,0.95,0.75,0.100,16,22.49,7.1875,5
4074,Forest,Misto,0.95,0.75,0.100,32,23.11,13.9500,2
4075,Forest,Misto,0.95,0.75,0.100,64,21.87,14.1944,1
4076,Forest,Misto,0.95,0.75,0.100,128,21.57,13.5714,0
4077,Forest,Misto,0.95,0.75,0.160,16,22.01,13.6154,2
4078,Forest,Misto,0.95,0.75,0.160,32,24.06,9.6000,4
4079,Forest,Misto,0.95,0.75,0.160,64,24.53,14.3704,1
4080,Forest,Misto,0.95,0.75,0.160,128,22.64,14.1923,0
4081,Forest,Misto,0.95,1.00,0.020,16,22.03,3.2343,463
4082,Forest,Misto,0.95,1.00,0.020,32,21.50,3.5806,72
4083,Forest,Misto,0.95,1.00,0.020,64,21.61,4.5337,11
4084,Forest,Misto,0.95,1.00,0.020,128,21.72,7.3768,6
4085,Forest,Misto,0.95,1.00,0.050,16,21.94,4.4221,41
4086,Forest,Misto,0.95,1.00,0.050,32,22.30,6.6154,8
4087,Forest,Misto,0.95,1.00,0.050,64,22.88,8.5091,3
4088,Forest,Misto,0.95,1.00,0.050,128,21.26,13.5278,1
4089,Forest,Misto,0.95,1.00,0.100,16,22.29,6.6990,8
4090,Forest,Misto,0.95,1.00,0.100,32,22.50,8.1250,4
4091,Forest,Misto,0.95,1.00,0.100,64,21.25,13.5278,1
4092,Forest,Misto,0.95,1.00,0.100,128,21.22,11.5152,0
4093,Forest,Misto,0.95,1.00,0.160,16,21.69,7.3768,3
4094,Forest,Misto,0.95,1.00,0.160,32,24.06,9.6000,2
4095,Forest,Misto,0.95,1.00,0.160,64,23.77,12.1250,1
4096,Forest,Misto,0.95,1.00,0.160,128,22.33,11.9032,1
4097,Broken Rock,Misto,0.50,0.01,0.020,16,29.40,10.6800,157
4098,Broken Rock,Misto,0.50,0.01,0.020,32,27.94,12.4362,21
4099,Broken Rock,Misto,0.50,0.01,0.020,64,26.86,13.7711,5
4100,Broken Rock,Misto,0.50,0.01,0.020,128,26.93,15.2738,6
4101,Broken Rock,Misto,0.50,0.01,0.050,16,27.05,11.3182,15
4102,Broken Rock,Misto,0.50,0.01,0.050,32,25.95,12.0769,3
4103,Broken Rock,Misto,0.50,0.01,0.050,64,25.42,13.5075,6
4104,Broken Rock,Misto,0.50,0.01,0.050,128,25.19,15.3900,2
4105,Broken Rock,Misto,0.50,0.01,0.100,16,26.45,13.0417,3
4106,Broken Rock,Misto,0.50,0.01,0.100,32,25.41,13.5075,2
4107,Broken Rock,Misto,0.50,0.01,0.100,64,25.18,15.3900,2
4108,Broken Rock,Misto,0.50,0.01,0.100,128,28.61,15.6000,1
4109,Broken Rock,Misto,0.50,0.01,0.160,16,26.90,15.2738,7
4110,Broken Rock,Misto,0.50,0.01,0.160,32,26.05,11.7500,2
4111,Broken Rock,Misto,0.50,0.01,0.160,64,26.22,13.5909,1
4112,Broken Rock,Misto,0.50,0.01,0.160,128,31.19,15.4478,1
4113,Broken Rock,Misto,0.50,0.50,0.020,16,29.38,10.6800,149
4114,Broken Rock,Misto,0.50,0.50,0.020,32,27.94,12.4362,28
4115,Broken Rock,Misto,0.50,0.50,0.020,64,26.87,13.7711,5
4116,Broken Rock,Misto,0.50,0.50,0.020,128,27.06,15.8095,3
4117,Broken Rock,Misto,0.50,0.50,0.050,16,26.95,11.1161,16
4118,Broken Rock,Misto,0.50,0.50,0.050,32,25.90,11.2143,3
4119,Broken Rock,Misto,0.50,0.50,0.050,64,25.42,13.5075,2
4120,Broken Rock,Misto,0.50,0.50,0.050,128,25.18,16.2400,9
4121,Broken Rock,Misto,0.50,0.50,0.100,16,26.45,13.0417,3
4122,Broken Rock,Misto,0.50,0.50,0.100,32,25.41,13.5075,2
4123,Broken Rock,Misto,0.50,0.50,0.100,64,25.18,16.2400,2
4124,Broken Rock,Misto,0.50,0.50,0.100,128,28.61,15.6000,1
4125,Broken Rock,Misto,0.50,0.50,0.160,16,27.03,15.8095,6
4126,Broken Rock,Misto,0.50,0.50,0.160,32,26.05,11.7500,2
4127,Broken Rock,Misto,0.50,0.50,0.160,64,26.22,13.5909,1
4128,Broken Rock,Misto,0.50,0.50,0.160,128,31.19,15.4478,1
4129,Broken Rock,Misto,0.50,0.75,0.020,16,29.35,10.6800,302
4130,Broken Rock,Misto,0.50,0.75,0.020,32,27.95,11.9548,43
4131,Broken Rock,Misto,0.50,0.75,0.020,64,26.74,13.6988,7
4132,Broken Rock,Misto,0.50,0.75,0.020,128,26.86,15.0581,7
4133,Broken Rock,Misto,0.50,0.75,0.050,16,26.99,11.3182,34
4134,Broken Rock,Misto,0.50,0.75,0.050,32,26.00,11.2143,5
4135,Broken Rock,Misto,0.50,0.75,0.050,64,25.42,14.7164,2
4136,Broken Rock,Misto,0.50,0.75,0.050,128,25.18,16.2400,2
4137,Broken Rock,Misto,0.50,0.75,0.100,16,26.45,13.0417,7
4138,Broken Rock,Misto,0.50,0.75,0.100,32,25.41,14.7164,2
4139,Broken Rock,Misto,0.50,0.75,0.100,64,25.18,16.2400,2
4140,Broken Rock,Misto,0.50,0.75,0.100,128,28.61,15.6000,1
4141,Broken Rock,Misto,0.50,0.75,0.160,16,26.83,15.0581,3
4142,Broken Rock,Misto,0.50,0.75,0.160,32,26.16,12.4531,6
4143,Broken Rock,Misto,0.50,0.75,0.160,64,26.22,13.5909,1
4144,Broken Rock,Misto,0.50,0.75,0.160,128,29.29,6.6848,1
4145,Broken Rock,Misto,0.50,1.00,0.020,16,26.99,4.8080,600
4146,Broken Rock,Misto,0.50,1.00,0.020,32,26.22,5.4337,68
4147,Broken Rock,Misto,0.50,1.00,0.020,64,25.51,6.3539,12
4148,Broken Rock,Misto,0.50,1.00,0.020,128,24.93,7.4924,4
4149,Broken Rock,Misto,0.50,1.00,0.050,16,25.13,5.4534,42
4150,Broken Rock,Misto,0.50,1.00,0.050,32,25.16,5.7931,10
4151,Broken Rock,Misto,0.50,1.00,0.050,64,24.29,8.3495,3
4152,Broken Rock,Misto,0.50,1.00,0.050,128,24.13,10.0709,2
4153,Broken Rock,Misto,0.50,1.00,0.100,16,25.09,6.7400,7
4154,Broken Rock,Misto,0.50,1.00,0.100,32,24.28,8.3173,2
4155,Broken Rock,Misto,0.50,1.00,0.100,64,24.12,10.0709,6
4156,Broken Rock,Misto,0.50,1.00,0.100,128,27.77,7.0909,2
4157,Broken Rock,Misto,0.50,1.00,0.160,16,24.96,7.4924,4
4158,Broken Rock,Misto,0.50,1.00,0.160,32,24.06,8.0290,3
4159,Broken Rock,Misto,0.50,1.00,0.160,64,24.88,6.7899,1
4160,Broken Rock,Misto,0.50,1.00,0.160,128,29.06,6.8970,1
4161,Broken Rock,Misto,0.75,0.01,0.020,16,29.40,10.6800,138
4162,Broken Rock,Misto,0.75,0.01,0.020,32,27.94,12.4362,22
4163,Broken Rock,Misto,0.75,0.01,0.020,64,26.86,13.7711,5
4164,Broken Rock,Misto,0.75,0.01,0.020,128,26.93,15.2738,3
4165,Broken Rock,Misto,0.75,0.01,0.050,16,27.05,11.3182,15
4166,Broken Rock,Misto,0.75,0.01,0.050,32,25.95,12.0769,3
4167,Broken Rock,Misto,0.75,0.01,0.050,64,25.42,13.5075,2
4168,Broken Rock,Misto,0.75,0.01,0.050,128,25.19,15.3900,7
4169,Broken Rock,Misto,0.75,0.01,0.100,16,26.45,13.0417,3
4170,Broken Rock,Misto,0.75,0.01,0.100,32,25.41,13.5075,2
4171,Broken Rock,Misto,0.75,0.01,0.100,64,25.18,15.3900,2
4172,Broken Rock,Misto,0.75,0.01,0.100,128,28.61,15.6000,1
4173,Broken Rock,Misto,0.75,0.01,0.160,16,26.90,15.2738,2
4174,Broken Rock,Misto,0.75,0.01,0.160,32,26.05,11.7500,9
4175,Broken Rock,Misto,0.75,0.01,0.160,64,26.22,13.5909,1
4176,Broken Rock,Misto,0.75,0.01,0.160,128,31.19,15.4478,1
4177,Broken Rock,Misto,0.75,0.50,0.020,16,29.38,10.6800,148
4178,Broken Rock,Misto,0.75,0.50,0.020,32,27.94,12.4362,21
4179,Broken Rock,Misto,0.75,0.50,0.020,64,26.87,13.7711,8
4180,Broken Rock,Misto,0.75,0.50,0.020,128,27.06,15.8095,3
4181,Broken Rock,Misto,0.75,0.50,0.050,16,26.95,11.1161,15
4182,Broken Rock,Misto,0.75,0.50,0.050,32,25.90,11.2143,3
4183,Broken Rock,Misto,0.75,0.50,0.050,64,25.42,13.5075,2
4184,Broken Rock,Misto,0.75,0.50,0.050,128,25.18,16.2400,7
4185,Broken Rock,Misto,0.75,0.50,0.100,16,26.45,13.0417,3
4186,Broken Rock,Misto,0.75,0.50,0.100,32,25.41,13.5075,2
4187,Broken Rock,Misto,0.75,0.50,0.100,64,25.18,16.2400,2
4188,Broken Rock,Misto,0.75,0.50,0.100,128,28.61,15.6000,1
4189,Broken Rock,Misto,0.75,0.50,0.160,16,27.03,15.8095,3
4190,Broken Rock,Misto,0.75,0.50,0.160,32,26.05,11.7500,2
4191,Broken Rock,Misto,0.75,0.50,0.160,64,26.22,13.5909,1
4192,Broken Rock,Misto,0.75,0.50,0.160,128,31.19,15.4478,4
4193,Broken Rock,Misto,0.75,0.75,0.020,16,29.35,10.6800,302
4194,Broken Rock,Misto,0.75,0.75,0.020,32,27.95,11.9548,42
4195,Broken Rock,Misto,0.75,0.75,0.020,64,26.74,13.6988,7
4196,Broken Rock,Misto,0.75,0.75,0.020,128,26.86,15.0581,6
4197,Broken Rock,Misto,0.75,0.75,0.050,16,26.99,11.3182,27
4198,Broken Rock,Misto,0.75,0.75,0.050,32,26.00,11.2143,9
4199,Broken Rock,Misto,0.75,0.75,0.050,64,25.42,14.7164,2
4200,Broken Rock,Misto,0.75,0.75,0.050,128,25.18,16.2400,2
4201,Broken Rock,Misto,0.75,0.75,0.100,16,26.45,13.0417,4
4202,Broken Rock,Misto,0.75,0.75,0.100,32,25.41,14.7164,2
4203,Broken Rock,Misto,0.75,0.75,0.100,64,25.18,16.2400,10
4204,Broken Rock,Misto,0.75,0.75,0.100,128,28.61,15.6000,1
4205,Broken Rock,Misto,0.75,0.75,0.160,16,26.83,15.0581,3
4206,Broken Rock,Misto,0.75,0.75,0.160,32,26.16,12.4531,2
4207,Broken Rock,Misto,0.75,0.75,0.160,64,26.22,13.5909,1
4208,Broken Rock,Misto,0.75,0.75,0.160,128,29.29,6.6848,1
4209,Broken Rock,Misto,0.75,1.00,0.020,16,26.99,4.8080,595
4210,Broken Rock,Misto,0.75,1.00,0.020,32,26.22,5.4337,71
4211,Broken Rock,Misto,0.75,1.00,0.020,64,25.51,6.3539,15
4212,Broken Rock,Misto,0.75,1.00,0.020,128,24.93,7.4924,4
4213,Broken Rock,Misto,0.75,1.00,0.050,16,25.13,5.4534,48
4214,Broken Rock,Misto,0.75,1.00,0.050,32,25.16,5.7931,7
4215,Broken Rock,Misto,0.75,1.00,0.050,64,24.29,8.3495,2
4216,Broken Rock,Misto,0.75,1.00,0.050,128,24.13,10.0709,2
4217,Broken Rock,Misto,0.75,1.00,0.100,16,25.09,6.7400,7
4218,Broken Rock,Misto,0.75,1.00,0.100,32,24.28,8.3173,2
4219,Broken Rock,Misto,0.75,1.00,0.100,64,24.12,10.0709,2
4220,Broken Rock,Misto,0.75,1.00,0.100,128,27.77,7.0909,2
4221,Broken Rock,Misto,0.75,1.00,0.160,16,24.96,7.4924,7
4222,Broken Rock,Misto,0.75,1.00,0.160,32,24.06,8.0290,3
4223,Broken Rock,Misto,0.75,1.00,0.160,64,24.88,6.7899,1
4224,Broken Rock,Misto,0.75,1.00,0.160,128,29.06,6.8970,2
4225,Broken Rock,Misto,0.90,0.01,0.020,16,29.38,10.6800,166
4226,Broken Rock,Misto,0.90,0.01,0.020,32,27.94,12.4362,29
4227,Broken Rock,Misto,0.90,0.01,0.020,64,26.86,13.7711,5
4228,Broken Rock,Misto,0.90,0.01,0.020,128,26.42,14.2976,3
4229,Broken Rock,Misto,0.90,0.01,0.050,16,27.25,11.3243,16
4230,Broken Rock,Misto,0.90,0.01,0.050,32,25.96,11.2143,3
4231,Broken Rock,Misto,0.90,0.01,0.050,64,25.45,14.0448,2
4232,Broken Rock,Misto,0.90,0.01,0.050,128,25.19,15.3900,9
4233,Broken Rock,Misto,0.90,0.01,0.100,16,26.45,13.0417,3
4234,Broken Rock,Misto,0.90,0.01,0.100,32,25.44,14.0448,2
4235,Broken Rock,Misto,0.90,0.01,0.100,64,25.18,15.3900,2
4236,Broken Rock,Misto,0.90,0.01,0.100,128,28.61,15.6000,1
4237,Broken Rock,Misto,0.90,0.01,0.160,16,26.40,14.2976,6
4238,Broken Rock,Misto,0.90,0.01,0.160,32,24.05,7.9531,2
4239,Broken Rock,Misto,0.90,0.01,0.160,64,26.22,13.5909,1
4240,Broken Rock,Misto,0.90,0.01,0.160,128,31.19,15.4478,1
4241,Broken Rock,Misto,0.90,0.50,0.020,16,29.40,10.6800,159
4242,Broken Rock,Misto,0.90,0.50,0.020,32,27.94,12.4362,23
4243,Broken Rock,Misto,0.90,0.50,0.020,64,26.87,13.7711,5
4244,Broken Rock,Misto,0.90,0.50,0.020,128,26.36,14.2976,3
4245,Broken Rock,Misto,0.90,0.50,0.050,16,27.19,11.3243,24
4246,Broken Rock,Misto,0.90,0.50,0.050,32,25.93,11.2143,3
4247,Broken Rock,Misto,0.90,0.50,0.050,64,25.45,14.0448,2
4248,Broken Rock,Misto,0.90,0.50,0.050,128,25.19,15.3900,2
4249,Broken Rock,Misto,0.90,0.50,0.100,16,26.45,13.0417,3
4250,Broken Rock,Misto,0.90,0.50,0.100,32,25.44,14.0448,2
4251,Broken Rock,Misto,0.90,0.50,0.100,64,25.18,15.3900,2
4252,Broken Rock,Misto,0.90,0.50,0.100,128,28.61,15.6000,1
4253,Broken Rock,Misto,0.90,0.50,0.160,16,26.40,14.2976,3
4254,Broken Rock,Misto,0.90,0.50,0.160,32,24.16,7.8308,2
4255,Broken Rock,Misto,0.90,0.50,0.160,64,26.22,13.5909,4
4256,Broken Rock,Misto,0.90,0.50,0.160,128,31.19,15.4478,1
4257,Broken Rock,Misto,0.90,0.75,0.020,16,29.35,10.6800,305
4258,Broken Rock,Misto,0.90,0.75,0.020,32,27.94,12.2715,37
4259,Broken Rock,Misto,0.90,0.75,0.020,64,26.82,13.7470,7
4260,Broken Rock,Misto,0.90,0.75,0.020,128,26.36,13.9651,3
4261,Broken Rock,Misto,0.90,0.75,0.050,16,26.99,11.3182,34
4262,Broken Rock,Misto,0.90,0.75,0.050,32,25.99,10.8276,4
4263,Broken Rock,Misto,0.90,0.75,0.050,64,25.42,14.7164,2
4264,Broken Rock,Misto,0.90,0.75,0.050,128,25.18,16.2400,2
4265,Broken Rock,Misto,0.90,0.75,0.100,16,26.45,13.0417,12
4266,Broken Rock,Misto,0.90,0.75,0.100,32,25.41,14.7164,2
4267,Broken Rock,Misto,0.90,0.75,0.100,64,25.18,16.2400,2
4268,Broken Rock,Misto,0.90,0.75,0.100,128,28.61,15.6000,1
4269,Broken Rock,Misto,0.90,0.75,0.160,16,26.42,14.2976,3
4270,Broken Rock,Misto,0.90,0.75,0.160,32,24.66,7.8308,2
4271,Broken Rock,Misto,0.90,0.75,0.160,64,26.22,13.5909,4
4272,Broken Rock,Misto,0.90,0.75,0.160,128,29.58,6.4727,1
4273,Broken Rock,Misto,0.90,1.00,0.020,16,26.99,4.8080,611
4274,Broken Rock,Misto,0.90,1.00,0.020,32,26.22,5.4337,69
4275,Broken Rock,Misto,0.90,1.00,0.020,64,25.51,6.3539,19
4276,Broken Rock,Misto,0.90,1.00,0.020,128,24.93,7.4924,4
4277,Broken Rock,Misto,0.90,1.00,0.050,16,25.13,5.4534,48
4278,Broken Rock,Misto,0.90,1.00,0.050,32,25.16,5.7931,7
4279,Broken Rock,Misto,0.90,1.00,0.050,64,24.29,8.3495,3
4280,Broken Rock,Misto,0.90,1.00,0.050,128,24.13,10.0709,2
4281,Broken Rock,Misto,0.90,1.00,0.100,16,25.09,6.7400,7
4282,Broken Rock,Misto,0.90,1.00,0.100,32,24.28,8.3173,2
4283,Broken Rock,Misto,0.90,1.00,0.100,64,24.12,10.0709,2
4284,Broken Rock,Misto,0.90,1.00,0.100,128,27.77,7.0909,2
4285,Broken Rock,Misto,0.90,1.00,0.160,16,24.96,7.4924,4
4286,Broken Rock,Misto,0.90,1.00,0.160,32,24.06,8.0290,8
4287,Broken Rock,Misto,0.90,1.00,0.160,64,24.88,6.7899,1
4288,Broken Rock,Misto,0.90,1.00,0.160,128,29.06,6.8970,1
4289,Broken Rock,Misto,0.95,0.01,0.020,16,30.05,6.7163,363
4290,Broken Rock,Misto,0.95,0.01,0.020,32,26.87,6.8044,51
4291,Broken Rock,Misto,0.95,0.01,0.020,64,27.12,11.5769,7
4292,Broken Rock,Misto,0.95,0.01,0.020,128,25.11,7.9449,7
4293,Broken Rock,Misto,0.95,0.01,0.050,16,27.07,6.3939,35
4294,Broken Rock,Misto,0.95,0.01,0.050,32,26.07,11.4182,5
4295,Broken Rock,Misto,0.95,0.01,0.050,64,25.47,14.3939,2
4296,Broken Rock,Misto,0.95,0.01,0.050,128,25.19,15.9000,2
4297,Broken Rock,Misto,0.95,0.01,0.100,16,26.47,13.0417,5
4298,Broken Rock,Misto,0.95,0.01,0.100,32,25.46,14.3939,5
4299,Broken Rock,Misto,0.95,0.01,0.100,64,25.18,15.9000,2
4300,Broken Rock,Misto,0.95,0.01,0.100,128,28.61,15.6000,1
4301,Broken Rock,Misto,0.95,0.01,0.160,16,25.14,7.9449,4
4302,Broken Rock,Misto,0.95,0.01,0.160,32,24.06,7.3429,2
4303,Broken Rock,Misto,0.95,0.01,0.160,64,26.22,13.5909,1
4304,Broken Rock,Misto,0.95,0.01,0.160,128,31.19,15.4478,1
4305,Broken Rock,Misto,0.95,0.50,0.020,16,30.05,6.7163,374
4306,Broken Rock,Misto,0.95,0.50,0.020,32,26.87,6.8044,62
4307,Broken Rock,Misto,0.95,0.50,0.020,64,27.12,11.5769,7
4308,Broken Rock,Misto,0.95,0.50,0.020,128,25.11,7.9449,3
4309,Broken Rock,Misto,0.95,0.50,0.050,16,27.07,6.3939,32
4310,Broken Rock,Misto,0.95,0.50,0.050,32,26.07,11.4182,5
4311,Broken Rock,Misto,0.95,0.50,0.050,64,25.47,14.3939,7
4312,Broken Rock,Misto,0.95,0.50,0.050,128,25.19,15.9000,3
4313,Broken Rock,Misto,0.95,0.50,0.100,16,26.47,13.0417,4
4314,Broken Rock,Misto,0.95,0.50,0.100,32,25.46,14.3939,2
4315,Broken Rock,Misto,0.95,0.50,0.100,64,25.18,15.9000,2
4316,Broken Rock,Misto,0.95,0.50,0.100,128,28.61,15.6000,2
4317,Broken Rock,Misto,0.95,0.50,0.160,16,25.14,7.9449,7
4318,Broken Rock,Misto,0.95,0.50,0.160,32,24.06,7.3429,2
4319,Broken Rock,Misto,0.95,0.50,0.160,64,26.22,13.5909,1
4320,Broken Rock,Misto,0.95,0.50,0.160,128,31.19,15.4478,1
4321,Broken Rock,Misto,0.95,0.75,0.020,16,30.04,6.7163,453
4322,Broken Rock,Misto,0.95,0.75,0.020,32,26.87,6.8044,54
4323,Broken Rock,Misto,0.95,0.75,0.020,64,26.99,11.3846,11
4324,Broken Rock,Misto,0.95,0.75,0.020,128,25.11,7.9449,4
4325,Broken Rock,Misto,0.95,0.75,0.050,16,27.06,6.3939,44
4326,Broken Rock,Misto,0.95,0.75,0.050,32,26.04,11.4182,5
4327,Broken Rock,Misto,0.95,0.75,0.050,64,25.46,14.9394,3
4328,Broken Rock,Misto,0.95,0.75,0.050,128,25.18,16.2400,2
4329,Broken Rock,Misto,0.95,0.75,0.100,16,26.47,13.0417,8
4330,Broken Rock,Misto,0.95,0.75,0.100,32,25.45,14.9394,2
4331,Broken Rock,Misto,0.95,0.75,0.100,64,25.18,16.2400,2
4332,Broken Rock,Misto,0.95,0.75,0.100,128,28.61,15.6000,1
4333,Broken Rock,Misto,0.95,0.75,0.160,16,25.14,7.9449,3
4334,Broken Rock,Misto,0.95,0.75,0.160,32,24.06,7.3429,2
4335,Broken Rock,Misto,0.95,0.75,0.160,64,26.22,13.5909,4
4336,Broken Rock,Misto,0.95,0.75,0.160,128,29.58,6.4727,1
4337,Broken Rock,Misto,0.95,1.00,0.020,16,26.99,4.8080,583
4338,Broken Rock,Misto,0.95,1.00,0.020,32,26.22,5.4337,65
4339,Broken Rock,Misto,0.95,1.00,0.020,64,25.51,6.3539,14
4340,Broken Rock,Misto,0.95,1.00,0.020,128,24.93,7.4924,4
4341,Broken Rock,Misto,0.95,1.00,0.050,16,25.13,5.4534,47
4342,Broken Rock,Misto,0.95,1.00,0.050,32,25.16,5.7931,7
4343,Broken Rock,Misto,0.95,1.00,0.050,64,24.29,8.3495,3
4344,Broken Rock,Misto,0.95,1.00,0.050,128,24.13,10.0709,7
4345,Broken Rock,Misto,0.95,1.00,0.100,16,25.09,6.7400,7
4346,Broken Rock,Misto,0.95,1.00,0.100,32,24.28,8.3173,2
4347,Broken Rock,Misto,0.95,1.00,0.100,64,24.12,10.0709,2
4348,Broken Rock,Misto,0.95,1.00,0.100,128,27.77,7.0909,2
4349,Broken Rock,Misto,0.95,1.00,0.160,16,24.96,7.4924,12
4350,Broken Rock,Misto,0.95,1.00,0.160,32,24.06,8.0290,3
4351,Broken Rock,Misto,0.95,1.00,0.160,64,24.88,6.7899,1
4352,Broken Rock,Misto,0.95,1.00,0.160,128,29.06,6.8970,1
4353,Maze,Misto,0.50,0.01,0.020,16,33.83,12.7237,195
4354,Maze,Misto,0.50,0.01,0.020,32,31.94,13.0000,34
4355,Maze,Misto,0.50,0.01,0.020,64,30.11,13.6824,8
4356,Maze,Misto,0.50,0.01,0.020,128,31.88,14.5636,3
4357,Maze,Misto,0.50,0.01,0.050,16,30.77,13.3415,19
4358,Maze,Misto,0.50,0.01,0.050,32,29.96,14.0423,5
4359,Maze,Misto,0.50,0.01,0.050,64,30.93,14.9423,7
4360,Maze,Misto,0.50,0.01,0.050,128,44.66,15.5417,1
4361,Maze,Misto,0.50,0.01,0.100,16,30.36,14.0714,5
4362,Maze,Misto,0.50,0.01,0.100,32,30.92,14.8824,2
4363,Maze,Misto,0.50,0.01,0.100,64,44.65,15.5417,1
4364,Maze,Misto,0.50,0.01,0.100,128,43.70,9.4839,1
4365,Maze,Misto,0.50,0.01,0.160,16,31.85,14.5636,5
4366,Maze,Misto,0.50,0.01,0.160,32,31.29,16.7609,2
4367,Maze,Misto,0.50,0.01,0.160,64,39.98,6.8333,0
4368,Maze,Misto,0.50,0.01,0.160,128,39.91,7.8929,1
4369,Maze,Misto,0.50,0.50,0.020,16,33.81,12.5584,184
4370,Maze,Misto,0.50,0.50,0.020,32,31.94,13.0000,31
4371,Maze,Misto,0.50,0.50,0.020,64,30.11,13.6824,8
4372,Maze,Misto,0.50,0.50,0.020,128,31.88,14.5636,3
4373,Maze,Misto,0.50,0.50,0.050,16,30.77,13.3415,20
4374,Maze,Misto,0.50,0.50,0.050,32,29.95,13.6575,5
4375,Maze,Misto,0.50,0.50,0.050,64,30.93,14.9423,6
4376,Maze,Misto,0.50,0.50,0.050,128,44.66,15.5417,1
4377,Maze,Misto,0.50,0.50,0.100,16,30.18,13.4384,5
4378,Maze,Misto,0.50,0.50,0.100,32,30.92,14.8824,3
4379,Maze,Misto,0.50,0.50,0.100,64,44.65,15.5417,1
4380,Maze,Misto,0.50,0.50,0.100,128,43.70,9.4839,1
4381,Maze,Misto,0.50,0.50,0.160,16,31.85,14.5636,2
4382,Maze,Misto,0.50,0.50,0.160,32,31.29,16.7609,1
4383,Maze,Misto,0.50,0.50,0.160,64,39.98,6.8333,1
4384,Maze,Misto,0.50,0.50,0.160,128,39.91,7.8929,1
4385,Maze,Misto,0.50,0.75,0.020,16,33.80,12.3974,303
4386,Maze,Misto,0.50,0.75,0.020,32,31.87,12.4311,57
4387,Maze,Misto,0.50,0.75,0.020,64,30.08,13.0674,9
4388,Maze,Misto,0.50,0.75,0.020,128,31.91,14.0351,7
4389,Maze,Misto,0.50,0.75,0.050,16,30.75,12.9213,33
4390,Maze,Misto,0.50,0.75,0.050,32,29.80,13.0132,6
4391,Maze,Misto,0.50,0.75,0.050,64,30.93,14.9423,3
4392,Maze,Misto,0.50,0.75,0.050,128,44.40,13.4286,1
4393,Maze,Misto,0.50,0.75,0.100,16,29.85,12.9733,10
4394,Maze,Misto,0.50,0.75,0.100,32,30.92,14.8824,3
4395,Maze,Misto,0.50,0.75,0.100,64,44.39,13.4286,1
4396,Maze,Misto,0.50,0.75,0.100,128,42.78,4.0385,1
4397,Maze,Misto,0.50,0.75,0.160,16,31.87,14.0351,3
4398,Maze,Misto,0.50,0.75,0.160,32,31.29,16.7609,2
4399,Maze,Misto,0.50,0.75,0.160,64,39.98,6.8333,5
4400,Maze,Misto,0.50,0.75,0.160,128,36.68,8.4937,1
4401,Maze,Misto,0.50,1.00,0.020,16,31.61,5.0974,1139
4402,Maze,Misto,0.50,1.00,0.020,32,31.25,7.1268,155
4403,Maze,Misto,0.50,1.00,0.020,64,29.42,5.9031,34
4404,Maze,Misto,0.50,1.00,0.020,128,31.45,7.5524,8
4405,Maze,Misto,0.50,1.00,0.050,16,30.18,5.8602,91
4406,Maze,Misto,0.50,1.00,0.050,32,29.48,6.2930,23
4407,Maze,Misto,0.50,1.00,0.050,64,30.74,9.1071,6
4408,Maze,Misto,0.50,1.00,0.050,128,42.42,6.4237,2
4409,Maze,Misto,0.50,1.00,0.100,16,29.51,7.3759,25
4410,Maze,Misto,0.50,1.00,0.100,32,30.73,9.0120,6
4411,Maze,Misto,0.50,1.00,0.100,64,42.41,6.4237,2
4412,Maze,Misto,0.50,1.00,0.100,128,39.98,5.6301,3
4413,Maze,Misto,0.50,1.00,0.160,16,31.41,7.6154,7
4414,Maze,Misto,0.50,1.00,0.160,32,30.08,8.8718,7
4415,Maze,Misto,0.50,1.00,0.160,64,39.49,3.4848,2
4416,Maze,Misto,0.50,1.00,0.160,128,36.68,8.4937,2
4417,Maze,Misto,0.75,0.01,0.020,16,33.83,12.7237,188
4418,Maze,Misto,0.75,0.01,0.020,32,31.94,13.0000,36
4419,Maze,Misto,0.75,0.01,0.020,64,30.11,13.6824,8
4420,Maze,Misto,0.75,0.01,0.020,128,31.88,14.5636,3
4421,Maze,Misto,0.75,0.01,0.050,16,30.77,13.3415,19
4422,Maze,Misto,0.75,0.01,0.050,32,29.96,14.0423,5
4423,Maze,Misto,0.75,0.01,0.050,64,30.93,14.9423,3
4424,Maze,Misto,0.75,0.01,0.050,128,44.66,15.5417,1
4425,Maze,Misto,0.75,0.01,0.100,16,30.36,14.0714,10
4426,Maze,Misto,0.75,0.01,0.100,32,30.92,14.8824,2
4427,Maze,Misto,0.75,0.01,0.100,64,44.65,15.5417,1
4428,Maze,Misto,0.75,0.01,0.100,128,43.70,9.4839,1
4429,Maze,Misto,0.75,0.01,0.160,16,31.85,14.5636,2
4430,Maze,Misto,0.75,0.01,0.160,32,31.29,16.7609,2
4431,Maze,Misto,0.75,0.01,0.160,64,39.98,6.8333,0
4432,Maze,Misto,0.75,0.01,0.160,128,39.91,7.8929,1
4433,Maze,Misto,0.75,0.50,0.020,16,33.81,12.5584,190
4434,Maze,Misto,0.75,0.50,0.020,32,31.94,13.0000,41
4435,Maze,Misto,0.75,0.50,0.020,64,30.11,13.6824,8
4436,Maze,Misto,0.75,0.50,0.020,128,31.88,14.5636,3
4437,Maze,Misto,0.75,0.50,0.050,16,30.77,13.3415,19
4438,Maze,Misto,0.75,0.50,0.050,32,29.95,13.6575,8
4439,Maze,Misto,0.75,0.50,0.050,64,30.93,14.9423,3
4440,Maze,Misto,0.75,0.50,0.050,128,44.66,15.5417,1
4441,Maze,Misto,0.75,0.50,0.100,16,30.18,13.4384,5
4442,Maze,Misto,0.75,0.50,0.100,32,30.92,14.8824,2
4443,Maze,Misto,0.75,0.50,0.100,64,44.65,15.5417,4
4444,Maze,Misto,0.75,0.50,0.100,128,43.70,9.4839,1
4445,Maze,Misto,0.75,0.50,0.160,16,31.85,14.5636,3
4446,Maze,Misto,0.75,0.50,0.160,32,31.29,16.7609,2
4447,Maze,Misto,0.75,0.50,0.160,64,39.98,6.8333,0
4448,Maze,Misto,0.75,0.50,0.160,128,39.91,7.8929,1
4449,Maze,Misto,0.75,0.75,0.020,16,33.80,12.3974,300
4450,Maze,Misto,0.75,0.75,0.020,32,31.87,12.4311,44
4451,Maze,Misto,0.75,0.75,0.020,64,30.08,13.0674,15
4452,Maze,Misto,0.75,0.75,0.020,128,31.91,14.0351,3
4453,Maze,Misto,0.75,0.75,0.050,16,30.75,12.9213,33
4454,Maze,Misto,0.75,0.75,0.050,32,29.80,13.0132,6
4455,Maze,Misto,0.75,0.75,0.050,64,30.93,14.9423,3
4456,Maze,Misto,0.75,0.75,0.050,128,44.40,13.4286,1
4457,Maze,Misto,0.75,0.75,0.100,16,29.85,12.9733,9
4458,Maze,Misto,0.75,0.75,0.100,32,30.92,14.8824,3
4459,Maze,Misto,0.75,0.75,0.100,64,44.39,13.4286,1
4460,Maze,Misto,0.75,0.75,0.100,128,42.78,4.0385,1
4461,Maze,Misto,0.75,0.75,0.160,16,31.87,14.0351,3
4462,Maze,Misto,0.75,0.75,0.160,32,31.29,16.7609,2
4463,Maze,Misto,0.75,0.75,0.160,64,39.98,6.8333,1
4464,Maze,Misto,0.75,0.75,0.160,128,36.68,8.4937,1
4465,Maze,Misto,0.75,1.00,0.020,16,31.61,5.0974,1142
4466,Maze,Misto,0.75,1.00,0.020,32,31.25,7.1268,167
4467,Maze,Misto,0.75,1.00,0.020,64,29.42,5.9031,28
4468,Maze,Misto,0.75,1.00,0.020,128,31.45,7.5524,16
4469,Maze,Misto,0.75,1.00,0.050,16,30.18,5.8602,90
4470,Maze,Misto,0.75,1.00,0.050,32,29.48,6.2930,18
4471,Maze,Misto,0.75,1.00,0.050,64,30.74,9.1071,11
4472,Maze,Misto,0.75,1.00,0.050,128,42.42,6.4237,2
4473,Maze,Misto,0.75,1.00,0.100,16,29.51,7.3759,18
4474,Maze,Misto,0.75,1.00,0.100,32,30.73,9.0120,14
4475,Maze,Misto,0.75,1.00,0.100,64,42.41,6.4237,2
4476,Maze,Misto,0.75,1.00,0.100,128,39.98,5.6301,3
4477,Maze,Misto,0.75,1.00,0.160,16,31.41,7.6154,7
4478,Maze,Misto,0.75,1.00,0.160,32,30.08,8.8718,3
4479,Maze,Misto,0.75,1.00,0.160,64,39.49,3.4848,5
4480,Maze,Misto,0.75,1.00,0.160,128,36.68,8.4937,2
4481,Maze,Misto,0.90,0.01,0.020,16,33.83,12.7237,199
4482,Maze,Misto,0.90,0.01,0.020,32,31.94,13.0000,35
4483,Maze,Misto,0.90,0.01,0.020,64,30.12,13.6824,8
4484,Maze,Misto,0.90,0.01,0.020,128,31.88,14.5636,3
4485,Maze,Misto,0.90,0.01,0.050,16,30.77,13.3415,20
4486,Maze,Misto,0.90,0.01,0.050,32,29.96,14.0423,6
4487,Maze,Misto,0.90,0.01,0.050,64,30.93,14.9423,2
4488,Maze,Misto,0.90,0.01,0.050,128,44.66,15.5417,4
4489,Maze,Misto,0.90,0.01,0.100,16,29.95,13.5972,5
4490,Maze,Misto,0.90,0.01,0.100,32,30.92,14.8824,2
4491,Maze,Misto,0.90,0.01,0.100,64,44.65,15.5417,1
4492,Maze,Misto,0.90,0.01,0.100,128,43.70,9.4839,1
4493,Maze,Misto,0.90,0.01,0.160,16,31.85,14.5636,3
4494,Maze,Misto,0.90,0.01,0.160,32,31.29,16.7609,1
4495,Maze,Misto,0.90,0.01,0.160,64,39.98,6.8333,1
4496,Maze,Misto,0.90,0.01,0.160,128,36.68,8.4937,1
4497,Maze,Misto,0.90,0.50,0.020,16,33.81,12.6405,204
4498,Maze,Misto,0.90,0.50,0.020,32,31.94,13.0000,36
4499,Maze,Misto,0.90,0.50,0.020,64,30.11,13.6824,8
4500,Maze,Misto,0.90,0.50,0.020,128,31.88,14.5636,3
4501,Maze,Misto,0.90,0.50,0.050,16,30.77,13.3415,20
4502,Maze,Misto,0.90,0.50,0.050,32,29.96,14.0423,5
4503,Maze,Misto,0.90,0.50,0.050,64,30.93,14.9423,3
4504,Maze,Misto,0.90,0.50,0.050,128,44.66,15.5417,2
4505,Maze,Misto,0.90,0.50,0.100,16,29.95,13.5972,5
4506,Maze,Misto,0.90,0.50,0.100,32,30.92,14.8824,3
4507,Maze,Misto,0.90,0.50,0.100,64,44.65,15.5417,1
4508,Maze,Misto,0.90,0.50,0.100,128,43.70,9.4839,1
4509,Maze,Misto,0.90,0.50,0.160,16,31.85,14.5636,3
4510,Maze,Misto,0.90,0.50,0.160,32,31.29,16.7609,2
4511,Maze,Misto,0.90,0.50,0.160,64,39.98,6.8333,1
4512,Maze,Misto,0.90,0.50,0.160,128,36.68,8.4937,1
4513,Maze,Misto,0.90,0.75,0.020,16,33.81,12.5584,311
4514,Maze,Misto,0.90,0.75,0.020,32,31.90,12.5939,53
4515,Maze,Misto,0.90,0.75,0.020,64,30.08,13.0674,9
4516,Maze,Misto,0.90,0.75,0.020,128,31.94,14.5636,3
4517,Maze,Misto,0.90,0.75,0.050,16,30.75,13.1280,28
4518,Maze,Misto,0.90,0.75,0.050,32,29.83,13.0395,9
4519,Maze,Misto,0.90,0.75,0.050,64,30.93,14.9423,3
4520,Maze,Misto,0.90,0.75,0.050,128,44.40,13.4286,1
4521,Maze,Misto,0.90,0.75,0.100,16,29.79,12.9467,6
4522,Maze,Misto,0.90,0.75,0.100,32,30.92,14.8824,3
4523,Maze,Misto,0.90,0.75,0.100,64,44.39,13.4286,5
4524,Maze,Misto,0.90,0.75,0.100,128,42.78,4.0385,1
4525,Maze,Misto,0.90,0.75,0.160,16,31.90,14.5636,3
4526,Maze,Misto,0.90,0.75,0.160,32,31.29,16.7609,2
4527,Maze,Misto,0.90,0.75,0.160,64,39.98,6.8333,1
4528,Maze,Misto,0.90,0.75,0.160,128,36.68,8.4937,1
4529,Maze,Misto,0.90,1.00,0.020,16,31.61,5.0974,1147
4530,Maze,Misto,0.90,1.00,0.020,32,31.25,7.1268,157
4531,Maze,Misto,0.90,1.00,0.020,64,29.42,5.9031,31
4532,Maze,Misto,0.90,1.00,0.020,128,31.45,7.5524,8
4533,Maze,Misto,0.90,1.00,0.050,16,30.18,5.8602,96
4534,Maze,Misto,0.90,1.00,0.050,32,29.48,6.2930,26
4535,Maze,Misto,0.90,1.00,0.050,64,30.74,9.1071,6
4536,Maze,Misto,0.90,1.00,0.050,128,42.42,6.4237,2
4537,Maze,Misto,0.90,1.00,0.100,16,29.51,7.3759,18
4538,Maze,Misto,0.90,1.00,0.100,32,30.73,9.0120,14
4539,Maze,Misto,0.90,1.00,0.100,64,42.41,6.4237,2
4540,Maze,Misto,0.90,1.00,0.100,128,39.98,5.6301,2
4541,Maze,Misto,0.90,1.00,0.160,16,31.41,7.6154,8
4542,Maze,Misto,0.90,1.00,0.160,32,30.08,8.8718,3
4543,Maze,Misto,0.90,1.00,0.160,64,39.49,3.4848,5
4544,Maze,Misto,0.90,1.00,0.160,128,36.68,8.4937,2
4545,Maze,Misto,0.95,0.01,0.020,16,33.83,12.7237,364
4546,Maze,Misto,0.95,0.01,0.020,32,31.94,13.0000,54
4547,Maze,Misto,0.95,0.01,0.020,64,29.88,9.6639,19
4548,Maze,Misto,0.95,0.01,0.020,128,31.73,14.0351,3
4549,Maze,Misto,0.95,0.01,0.050,16,30.75,11.9562,36
4550,Maze,Misto,0.95,0.01,0.050,32,29.97,14.0423,7
4551,Maze,Misto,0.95,0.01,0.050,64,30.82,14.3889,3
4552,Maze,Misto,0.95,0.01,0.050,128,42.70,6.5738,2
4553,Maze,Misto,0.95,0.01,0.100,16,29.93,13.5972,7
4554,Maze,Misto,0.95,0.01,0.100,32,30.81,14.3208,6
4555,Maze,Misto,0.95,0.01,0.100,64,42.69,6.5738,2
4556,Maze,Misto,0.95,0.01,0.100,128,42.50,4.1519,1
4557,Maze,Misto,0.95,0.01,0.160,16,31.70,14.0351,3
4558,Maze,Misto,0.95,0.01,0.160,32,31.29,16.7609,2
4559,Maze,Misto,0.95,0.01,0.160,64,39.49,3.6250,1
4560,Maze,Misto,0.95,0.01,0.160,128,36.68,8.4937,1
4561,Maze,Misto,0.95,0.50,0.020,16,33.83,12.7237,349
4562,Maze,Misto,0.95,0.50,0.020,32,31.94,13.0000,52
4563,Maze,Misto,0.95,0.50,0.020,64,29.88,9.6639,11
4564,Maze,Misto,0.95,0.50,0.020,128,31.73,14.0351,3
4565,Maze,Misto,0.95,0.50,0.050,16,30.75,11.9562,34
4566,Maze,Misto,0.95,0.50,0.050,32,29.97,14.0423,7
4567,Maze,Misto,0.95,0.50,0.050,64,30.82,14.3889,3
4568,Maze,Misto,0.95,0.50,0.050,128,42.70,6.5738,5
4569,Maze,Misto,0.95,0.50,0.100,16,29.93,13.5972,7
4570,Maze,Misto,0.95,0.50,0.100,32,30.81,14.3208,3
4571,Maze,Misto,0.95,0.50,0.100,64,42.69,6.5738,2
4572,Maze,Misto,0.95,0.50,0.100,128,42.50,4.1519,4
4573,Maze,Misto,0.95,0.50,0.160,16,31.70,14.0351,3
4574,Maze,Misto,0.95,0.50,0.160,32,31.29,16.7609,2
4575,Maze,Misto,0.95,0.50,0.160,64,39.49,3.6250,1
4576,Maze,Misto,0.95,0.50,0.160,128,36.68,8.4937,1
4577,Maze,Misto,0.95,0.75,0.020,16,33.83,12.7237,429
4578,Maze,Misto,0.95,0.75,0.020,32,31.94,13.0000,62
4579,Maze,Misto,0.95,0.75,0.020,64,29.82,9.4918,15
4580,Maze,Misto,0.95,0.75,0.020,128,31.73,14.0351,4
4581,Maze,Misto,0.95,0.75,0.050,16,30.75,11.9562,43
4582,Maze,Misto,0.95,0.75,0.050,32,29.97,14.0423,8
4583,Maze,Misto,0.95,0.75,0.050,64,30.82,14.3889,3
4584,Maze,Misto,0.95,0.75,0.050,128,41.58,6.9167,2
4585,Maze,Misto,0.95,0.75,0.100,16,29.92,13.5972,16
4586,Maze,Misto,0.95,0.75,0.100,32,30.81,14.3208,3
4587,Maze,Misto,0.95,0.75,0.100,64,41.58,6.9167,2
4588,Maze,Misto,0.95,0.75,0.100,128,41.54,4.6795,1
4589,Maze,Misto,0.95,0.75,0.160,16,31.70,14.0351,3
4590,Maze,Misto,0.95,0.75,0.160,32,31.29,16.7609,2
4591,Maze,Misto,0.95,0.75,0.160,64,39.49,3.6250,1
4592,Maze,Misto,0.95,0.75,0.160,128,36.68,8.4937,2
4593,Maze,Misto,0.95,1.00,0.020,16,31.61,5.0974,1132
4594,Maze,Misto,0.95,1.00,0.020,32,31.25,7.1268,157
4595,Maze,Misto,0.95,1.00,0.020,64,29.42,5.9031,31
4596,Maze,Misto,0.95,1.00,0.020,128,31.45,7.5524,8
4597,Maze,Misto,0.95,1.00,0.050,16,30.18,5.8602,90
4598,Maze,Misto,0.95,1.00,0.050,32,29.48,6.2930,26
4599,Maze,Misto,0.95,1.00,0.050,64,30.74,9.1071,8
4600,Maze,Misto,0.95,1.00,0.050,128,42.42,6.4237,2
4601,Maze,Misto,0.95,1.00,0.100,16,29.51,7.3759,21
4602,Maze,Misto,0.95,1.00,0.100,32,30.73,9.0120,6
4603,Maze,Misto,0.95,1.00,0.100,64,42.41,6.4237,2
4604,Maze,Misto,0.95,1.00,0.100,128,39.98,5.6301,3
4605,Maze,Misto,0.95,1.00,0.160,16,31.41,7.6154,7
4606,Maze,Misto,0.95,1.00,0.160,32,30.08,8.8718,7
4607,Maze,Misto,0.95,1.00,0.160,64,39.49,3.4848,2
4608,Maze,Misto,0.95,1.00,0.160,128,36.68,8.4937,2
